rebalance_date,symbol,weight
2019-06-01,ABBOTINDIA,0.011111111111111112
2019-06-01,ALKYLAMINE,0.011111111111111112
2019-06-01,ALPHAGEO,0.011111111111111112
2019-06-01,AMBUJACEM,0.011111111111111112
2019-06-01,APARINDS,0.011111111111111112
2019-06-01,APLAPOLLO,0.011111111111111112
2019-06-01,ASIANPAINT,0.011111111111111112
2019-06-01,AUROPHARMA,0.011111111111111112
2019-06-01,BAJAJ-AUTO,0.011111111111111112
2019-06-01,BALAXI,0.011111111111111112
2019-06-01,BALKRISIND,0.011111111111111112
2019-06-01,BBTC,0.011111111111111112
2019-06-01,BDL,0.011111111111111112
2019-06-01,BEL,0.011111111111111112
2019-06-01,BHARATFORG,0.011111111111111112
2019-06-01,BHARATRAS,0.011111111111111112
2019-06-01,BLS,0.011111111111111112
2019-06-01,BLUESTARCO,0.011111111111111112
2019-06-01,BOMDYEING,0.011111111111111112
2019-06-01,BOSCHLTD,0.011111111111111112
2019-06-01,BPCL,0.011111111111111112
2019-06-01,BRITANNIA,0.011111111111111112
2019-06-01,COALINDIA,0.011111111111111112
2019-06-01,COLPAL,0.011111111111111112
2019-06-01,COROMANDEL,0.011111111111111112
2019-06-01,DIVISLAB,0.011111111111111112
2019-06-01,DIXON,0.011111111111111112
2019-06-01,DRREDDY,0.011111111111111112
2019-06-01,EICHERMOT,0.011111111111111112
2019-06-01,EXCELINDUS,0.011111111111111112
2019-06-01,EXIDEIND,0.011111111111111112
2019-06-01,GAIL,0.011111111111111112
2019-06-01,GARFIBRES,0.011111111111111112
2019-06-01,GMBREW,0.011111111111111112
2019-06-01,GODFRYPHLP,0.011111111111111112
2019-06-01,GRAPHITE,0.011111111111111112
2019-06-01,GRASIM,0.011111111111111112
2019-06-01,GUJALKALI,0.011111111111111112
2019-06-01,HAL,0.011111111111111112
2019-06-01,HCLTECH,0.011111111111111112
2019-06-01,HEG,0.011111111111111112
2019-06-01,HEROMOTOCO,0.011111111111111112
2019-06-01,HINDALCO,0.011111111111111112
2019-06-01,HINDPETRO,0.011111111111111112
2019-06-01,HINDUNILVR,0.011111111111111112
2019-06-01,IGPL,0.011111111111111112
2019-06-01,INFY,0.011111111111111112
2019-06-01,IOC,0.011111111111111112
2019-06-01,IPCALAB,0.011111111111111112
2019-06-01,ITC,0.011111111111111112
2019-06-01,JSL,0.011111111111111112
2019-06-01,JSWSTEEL,0.011111111111111112
2019-06-01,JUBLFOOD,0.011111111111111112
2019-06-01,KEI,0.011111111111111112
2019-06-01,KELLTONTEC,0.011111111111111112
2019-06-01,KKCL,0.011111111111111112
2019-06-01,KPRMILL,0.011111111111111112
2019-06-01,LTTS,0.011111111111111112
2019-06-01,MAITHANALL,0.011111111111111112
2019-06-01,MARUTI,0.011111111111111112
2019-06-01,NATIONALUM,0.011111111111111112
2019-06-01,NMDC,0.011111111111111112
2019-06-01,PAGEIND,0.011111111111111112
2019-06-01,PERSISTENT,0.011111111111111112
2019-06-01,PETRONET,0.011111111111111112
2019-06-01,PIDILITIND,0.011111111111111112
2019-06-01,PRECWIRE,0.011111111111111112
2019-06-01,RADICO,0.011111111111111112
2019-06-01,RELIANCE,0.011111111111111112
2019-06-01,RITES,0.011111111111111112
2019-06-01,RUCHIRA,0.011111111111111112
2019-06-01,SAKSOFT,0.011111111111111112
2019-06-01,SAKUMA,0.011111111111111112
2019-06-01,SESHAPAPER,0.011111111111111112
2019-06-01,SGL,0.011111111111111112
2019-06-01,SHREYANIND,0.011111111111111112
2019-06-01,SOLARINDS,0.011111111111111112
2019-06-01,SONATSOFTW,0.011111111111111112
2019-06-01,SPLIL,0.011111111111111112
2019-06-01,SRF,0.011111111111111112
2019-06-01,TATASTEEL,0.011111111111111112
2019-06-01,TCS,0.011111111111111112
2019-06-01,TECHM,0.011111111111111112
2019-06-01,THYROCARE,0.011111111111111112
2019-06-01,TORNTPHARM,0.011111111111111112
2019-06-01,TTKPRESTIG,0.011111111111111112
2019-06-01,TVSMOTOR,0.011111111111111112
2019-06-01,VAIBHAVGBL,0.011111111111111112
2019-06-01,VBL,0.011111111111111112
2019-06-01,VEDL,0.011111111111111112
2020-06-01,ADANIENT,0.01
2020-06-01,ADFFOODS,0.01
2020-06-01,AMBUJACEM,0.01
2020-06-01,ANDHRAPAP,0.01
2020-06-01,ANDHRSUGAR,0.01
2020-06-01,APARINDS,0.01
2020-06-01,APLAPOLLO,0.01
2020-06-01,ASIANPAINT,0.01
2020-06-01,AUROPHARMA,0.01
2020-06-01,BAJAJ-AUTO,0.01
2020-06-01,BALAXI,0.01
2020-06-01,BBTC,0.01
2020-06-01,BDL,0.01
2020-06-01,BEL,0.01
2020-06-01,BEPL,0.01
2020-06-01,BERGEPAINT,0.01
2020-06-01,BHARATRAS,0.01
2020-06-01,BLS,0.01
2020-06-01,BLUESTARCO,0.01
2020-06-01,BOSCHLTD,0.01
2020-06-01,BPCL,0.01
2020-06-01,BRITANNIA,0.01
2020-06-01,COALINDIA,0.01
2020-06-01,COCHINSHIP,0.01
2020-06-01,COLPAL,0.01
2020-06-01,COROMANDEL,0.01
2020-06-01,DBCORP,0.01
2020-06-01,DIVISLAB,0.01
2020-06-01,DIXON,0.01
2020-06-01,DMART,0.01
2020-06-01,DRREDDY,0.01
2020-06-01,ECLERX,0.01
2020-06-01,ENDURANCE,0.01
2020-06-01,EXPLEOSOL,0.01
2020-06-01,FACT,0.01
2020-06-01,GAIL,0.01
2020-06-01,GARFIBRES,0.01
2020-06-01,GHCL,0.01
2020-06-01,GLAXO,0.01
2020-06-01,GODFRYPHLP,0.01
2020-06-01,GRASIM,0.01
2020-06-01,GTPL,0.01
2020-06-01,HAL,0.01
2020-06-01,HCLTECH,0.01
2020-06-01,HEROMOTOCO,0.01
2020-06-01,HINDALCO,0.01
2020-06-01,HINDUNILVR,0.01
2020-06-01,INFY,0.01
2020-06-01,INTENTECH,0.01
2020-06-01,IPCALAB,0.01
2020-06-01,IRB,0.01
2020-06-01,ITC,0.01
2020-06-01,JKCEMENT,0.01
2020-06-01,JSL,0.01
2020-06-01,JSWSTEEL,0.01
2020-06-01,JUBLFOOD,0.01
2020-06-01,KEI,0.01
2020-06-01,KKCL,0.01
2020-06-01,KPRMILL,0.01
2020-06-01,LAURUSLABS,0.01
2020-06-01,LT,0.01
2020-06-01,LTTS,0.01
2020-06-01,MARICO,0.01
2020-06-01,MPHASIS,0.01
2020-06-01,NMDC,0.01
2020-06-01,NRAIL,0.01
2020-06-01,OBEROIRLTY,0.01
2020-06-01,PAGEIND,0.01
2020-06-01,PETRONET,0.01
2020-06-01,PHOENIXLTD,0.01
2020-06-01,PIDILITIND,0.01
2020-06-01,POLYCAB,0.01
2020-06-01,PRESTIGE,0.01
2020-06-01,RELIANCE,0.01
2020-06-01,RITES,0.01
2020-06-01,RVNL,0.01
2020-06-01,SAIL,0.01
2020-06-01,SAKSOFT,0.01
2020-06-01,SESHAPAPER,0.01
2020-06-01,SHARDAMOTR,0.01
2020-06-01,SOLARINDS,0.01
2020-06-01,SONATSOFTW,0.01
2020-06-01,SPLIL,0.01
2020-06-01,SRF,0.01
2020-06-01,TATASTEEL,0.01
2020-06-01,THYROCARE,0.01
2020-06-01,TIINDIA,0.01
2020-06-01,TITAN,0.01
2020-06-01,TORNTPHARM,0.01
2020-06-01,TTKPRESTIG,0.01
2020-06-01,TVSMOTOR,0.01
2020-06-01,TVTODAY,0.01
2020-06-01,ULTRACEMCO,0.01
2020-06-01,VAIBHAVGBL,0.01
2020-06-01,VBL,0.01
2020-06-01,VEDL,0.01
2020-06-01,WELCORP,0.01
2020-06-01,WIPRO,0.01
2020-06-01,WSTCSTPAPR,0.01
2020-06-01,ZEEMEDIA,0.01
2021-06-01,ABBOTINDIA,0.009433962264150943
2021-06-01,ADANIPORTS,0.009433962264150943
2021-06-01,AMBUJACEM,0.009433962264150943
2021-06-01,APARINDS,0.009433962264150943
2021-06-01,APLAPOLLO,0.009433962264150943
2021-06-01,ASIANPAINT,0.009433962264150943
2021-06-01,AUROPHARMA,0.009433962264150943
2021-06-01,BAJAJ-AUTO,0.009433962264150943
2021-06-01,BALAXI,0.009433962264150943
2021-06-01,BALKRISIND,0.009433962264150943
2021-06-01,BBTC,0.009433962264150943
2021-06-01,BEL,0.009433962264150943
2021-06-01,BEPL,0.009433962264150943
2021-06-01,BERGEPAINT,0.009433962264150943
2021-06-01,BHARATRAS,0.009433962264150943
2021-06-01,BHARTIARTL,0.009433962264150943
2021-06-01,BOSCHLTD,0.009433962264150943
2021-06-01,BPCL,0.009433962264150943
2021-06-01,BRITANNIA,0.009433962264150943
2021-06-01,COALINDIA,0.009433962264150943
2021-06-01,COFORGE,0.009433962264150943
2021-06-01,COROMANDEL,0.009433962264150943
2021-06-01,DIVISLAB,0.009433962264150943
2021-06-01,DLF,0.009433962264150943
2021-06-01,DMART,0.009433962264150943
2021-06-01,DRREDDY,0.009433962264150943
2021-06-01,EASEMYTRIP,0.009433962264150943
2021-06-01,ECLERX,0.009433962264150943
2021-06-01,EICHERMOT,0.009433962264150943
2021-06-01,EIDPARRY,0.009433962264150943
2021-06-01,ESCORTS,0.009433962264150943
2021-06-01,FACT,0.009433962264150943
2021-06-01,FCL,0.009433962264150943
2021-06-01,GAEL,0.009433962264150943
2021-06-01,GAIL,0.009433962264150943
2021-06-01,GARFIBRES,0.009433962264150943
2021-06-01,GLAXO,0.009433962264150943
2021-06-01,GLOBUSSPR,0.009433962264150943
2021-06-01,GODFRYPHLP,0.009433962264150943
2021-06-01,GRASIM,0.009433962264150943
2021-06-01,GROBTEA,0.009433962264150943
2021-06-01,GTPL,0.009433962264150943
2021-06-01,HAL,0.009433962264150943
2021-06-01,HAVELLS,0.009433962264150943
2021-06-01,HCLTECH,0.009433962264150943
2021-06-01,HERITGFOOD,0.009433962264150943
2021-06-01,HEROMOTOCO,0.009433962264150943
2021-06-01,HINDPETRO,0.009433962264150943
2021-06-01,HINDZINC,0.009433962264150943
2021-06-01,INDUSTOWER,0.009433962264150943
2021-06-01,INFY,0.009433962264150943
2021-06-01,IOC,0.009433962264150943
2021-06-01,IPCALAB,0.009433962264150943
2021-06-01,ITC,0.009433962264150943
2021-06-01,JINDALPOLY,0.009433962264150943
2021-06-01,JINDALSTEL,0.009433962264150943
2021-06-01,JKCEMENT,0.009433962264150943
2021-06-01,JSL,0.009433962264150943
2021-06-01,JSWSTEEL,0.009433962264150943
2021-06-01,JUBLFOOD,0.009433962264150943
2021-06-01,KPRMILL,0.009433962264150943
2021-06-01,LAURUSLABS,0.009433962264150943
2021-06-01,LT,0.009433962264150943
2021-06-01,M&M,0.009433962264150943
2021-06-01,MANALIPETC,0.009433962264150943
2021-06-01,MPHASIS,0.009433962264150943
2021-06-01,MRF,0.009433962264150943
2021-06-01,NATIONALUM,0.009433962264150943
2021-06-01,NCLIND,0.009433962264150943
2021-06-01,NDTV,0.009433962264150943
2021-06-01,NMDC,0.009433962264150943
2021-06-01,OIL,0.009433962264150943
2021-06-01,PAGEIND,0.009433962264150943
2021-06-01,PANAMAPET,0.009433962264150943
2021-06-01,PERSISTENT,0.009433962264150943
2021-06-01,PETRONET,0.009433962264150943
2021-06-01,PIDILITIND,0.009433962264150943
2021-06-01,POLYPLEX,0.009433962264150943
2021-06-01,PRESTIGE,0.009433962264150943
2021-06-01,RAJRATAN,0.009433962264150943
2021-06-01,REDINGTON,0.009433962264150943
2021-06-01,RITES,0.009433962264150943
2021-06-01,RVNL,0.009433962264150943
2021-06-01,SAIL,0.009433962264150943
2021-06-01,SAKSOFT,0.009433962264150943
2021-06-01,SAREGAMA,0.009433962264150943
2021-06-01,SHAKTIPUMP,0.009433962264150943
2021-06-01,SHREECEM,0.009433962264150943
2021-06-01,SOLARINDS,0.009433962264150943
2021-06-01,SOTL,0.009433962264150943
2021-06-01,SRF,0.009433962264150943
2021-06-01,SUPREMEIND,0.009433962264150943
2021-06-01,TATACOMM,0.009433962264150943
2021-06-01,TATASTEEL,0.009433962264150943
2021-06-01,TCS,0.009433962264150943
2021-06-01,TECHM,0.009433962264150943
2021-06-01,THANGAMAYL,0.009433962264150943
2021-06-01,TITAN,0.009433962264150943
2021-06-01,TORNTPHARM,0.009433962264150943
2021-06-01,TTKPRESTIG,0.009433962264150943
2021-06-01,TVSMOTOR,0.009433962264150943
2021-06-01,ULTRACEMCO,0.009433962264150943
2021-06-01,UNIVASTU,0.009433962264150943
2021-06-01,VEDL,0.009433962264150943
2021-06-01,VISAKAIND,0.009433962264150943
2021-06-01,WIPRO,0.009433962264150943
2022-06-01,ABBOTINDIA,0.00909090909090909
2022-06-01,ADANIPORTS,0.00909090909090909
2022-06-01,AMBIKCO,0.00909090909090909
2022-06-01,AMBUJACEM,0.00909090909090909
2022-06-01,APARINDS,0.00909090909090909
2022-06-01,APLAPOLLO,0.00909090909090909
2022-06-01,ASHOKA,0.00909090909090909
2022-06-01,ASIANPAINT,0.00909090909090909
2022-06-01,BAJAJ-AUTO,0.00909090909090909
2022-06-01,BALAXI,0.00909090909090909
2022-06-01,BANCOINDIA,0.00909090909090909
2022-06-01,BDL,0.00909090909090909
2022-06-01,BEL,0.00909090909090909
2022-06-01,BEPL,0.00909090909090909
2022-06-01,BERGEPAINT,0.00909090909090909
2022-06-01,BHARTIARTL,0.00909090909090909
2022-06-01,BLUESTARCO,0.00909090909090909
2022-06-01,BOSCHLTD,0.00909090909090909
2022-06-01,BPCL,0.00909090909090909
2022-06-01,BRITANNIA,0.00909090909090909
2022-06-01,COALINDIA,0.00909090909090909
2022-06-01,COFORGE,0.00909090909090909
2022-06-01,COLPAL,0.00909090909090909
2022-06-01,COROMANDEL,0.00909090909090909
2022-06-01,DCMNVL,0.00909090909090909
2022-06-01,DGCONTENT,0.00909090909090909
2022-06-01,DISHTV,0.00909090909090909
2022-06-01,DIVISLAB,0.00909090909090909
2022-06-01,DLF,0.00909090909090909
2022-06-01,DMART,0.00909090909090909
2022-06-01,DRREDDY,0.00909090909090909
2022-06-01,EASEMYTRIP,0.00909090909090909
2022-06-01,ECLERX,0.00909090909090909
2022-06-01,EICHERMOT,0.00909090909090909
2022-06-01,EIDPARRY,0.00909090909090909
2022-06-01,FACT,0.00909090909090909
2022-06-01,FCL,0.00909090909090909
2022-06-01,GAIL,0.00909090909090909
2022-06-01,GLENMARK,0.00909090909090909
2022-06-01,GLOBAL,0.00909090909090909
2022-06-01,GNFC,0.00909090909090909
2022-06-01,GODFRYPHLP,0.00909090909090909
2022-06-01,GRASIM,0.00909090909090909
2022-06-01,HAL,0.00909090909090909
2022-06-01,HAVELLS,0.00909090909090909
2022-06-01,HCC,0.00909090909090909
2022-06-01,HCLTECH,0.00909090909090909
2022-06-01,HEROMOTOCO,0.00909090909090909
2022-06-01,HINDPETRO,0.00909090909090909
2022-06-01,HINDUNILVR,0.00909090909090909
2022-06-01,HINDZINC,0.00909090909090909
2022-06-01,INDUSTOWER,0.00909090909090909
2022-06-01,INFY,0.00909090909090909
2022-06-01,IOC,0.00909090909090909
2022-06-01,ITC,0.00909090909090909
2022-06-01,JINDALSTEL,0.00909090909090909
2022-06-01,JKCEMENT,0.00909090909090909
2022-06-01,JSL,0.00909090909090909
2022-06-01,JSWSTEEL,0.00909090909090909
2022-06-01,KALYANKJIL,0.00909090909090909
2022-06-01,KPRMILL,0.00909090909090909
2022-06-01,LAURUSLABS,0.00909090909090909
2022-06-01,LIKHITHA,0.00909090909090909
2022-06-01,LODHA,0.00909090909090909
2022-06-01,LT,0.00909090909090909
2022-06-01,LTTS,0.00909090909090909
2022-06-01,M&M,0.00909090909090909
2022-06-01,MAITHANALL,0.00909090909090909
2022-06-01,MANALIPETC,0.00909090909090909
2022-06-01,MARICO,0.00909090909090909
2022-06-01,MPHASIS,0.00909090909090909
2022-06-01,NAHARSPING,0.00909090909090909
2022-06-01,NATIONALUM,0.00909090909090909
2022-06-01,NITINSPIN,0.00909090909090909
2022-06-01,NMDC,0.00909090909090909
2022-06-01,OIL,0.00909090909090909
2022-06-01,PAGEIND,0.00909090909090909
2022-06-01,PANAMAPET,0.00909090909090909
2022-06-01,PERSISTENT,0.00909090909090909
2022-06-01,PETRONET,0.00909090909090909
2022-06-01,PGHH,0.00909090909090909
2022-06-01,PIDILITIND,0.00909090909090909
2022-06-01,REDINGTON,0.00909090909090909
2022-06-01,RELIANCE,0.00909090909090909
2022-06-01,RITES,0.00909090909090909
2022-06-01,ROLEXRINGS,0.00909090909090909
2022-06-01,RVNL,0.00909090909090909
2022-06-01,SHAHALLOYS,0.00909090909090909
2022-06-01,SHIVAMILLS,0.00909090909090909
2022-06-01,SHREECEM,0.00909090909090909
2022-06-01,SHYAMMETL,0.00909090909090909
2022-06-01,SIL,0.00909090909090909
2022-06-01,SMLT,0.00909090909090909
2022-06-01,SOLARINDS,0.00909090909090909
2022-06-01,SSWL,0.00909090909090909
2022-06-01,SUPREMEIND,0.00909090909090909
2022-06-01,TATACOMM,0.00909090909090909
2022-06-01,TATASTEEL,0.00909090909090909
2022-06-01,TCS,0.00909090909090909
2022-06-01,TECHM,0.00909090909090909
2022-06-01,THEMISMED,0.00909090909090909
2022-06-01,THYROCARE,0.00909090909090909
2022-06-01,TIINDIA,0.00909090909090909
2022-06-01,TITAN,0.00909090909090909
2022-06-01,TNPETRO,0.00909090909090909
2022-06-01,TORNTPHARM,0.00909090909090909
2022-06-01,ULTRACEMCO,0.00909090909090909
2022-06-01,VBL,0.00909090909090909
2022-06-01,VEDL,0.00909090909090909
2022-06-01,WIPRO,0.00909090909090909
2023-06-01,3MINDIA,0.008928571428571428
2023-06-01,ABBOTINDIA,0.008928571428571428
2023-06-01,ADVANIHOTR,0.008928571428571428
2023-06-01,ALLCARGO,0.008928571428571428
2023-06-01,AMBUJACEM,0.008928571428571428
2023-06-01,APARINDS,0.008928571428571428
2023-06-01,ASHOKA,0.008928571428571428
2023-06-01,ASIANPAINT,0.008928571428571428
2023-06-01,BAJAJ-AUTO,0.008928571428571428
2023-06-01,BALAXI,0.008928571428571428
2023-06-01,BANCOINDIA,0.008928571428571428
2023-06-01,BCG,0.008928571428571428
2023-06-01,BEL,0.008928571428571428
2023-06-01,BERGEPAINT,0.008928571428571428
2023-06-01,BHARTIARTL,0.008928571428571428
2023-06-01,BLUESTARCO,0.008928571428571428
2023-06-01,BOSCHLTD,0.008928571428571428
2023-06-01,BPCL,0.008928571428571428
2023-06-01,BRITANNIA,0.008928571428571428
2023-06-01,CHEMFAB,0.008928571428571428
2023-06-01,CHENNPETRO,0.008928571428571428
2023-06-01,CIPLA,0.008928571428571428
2023-06-01,COALINDIA,0.008928571428571428
2023-06-01,COFORGE,0.008928571428571428
2023-06-01,COLPAL,0.008928571428571428
2023-06-01,CONCOR,0.008928571428571428
2023-06-01,COROMANDEL,0.008928571428571428
2023-06-01,CYBERMEDIA,0.008928571428571428
2023-06-01,DIXON,0.008928571428571428
2023-06-01,DMART,0.008928571428571428
2023-06-01,DRREDDY,0.008928571428571428
2023-06-01,ECLERX,0.008928571428571428
2023-06-01,EICHERMOT,0.008928571428571428
2023-06-01,EIDPARRY,0.008928571428571428
2023-06-01,FACT,0.008928571428571428
2023-06-01,FCL,0.008928571428571428
2023-06-01,FLUOROCHEM,0.008928571428571428
2023-06-01,FOCUS,0.008928571428571428
2023-06-01,GAIL,0.008928571428571428
2023-06-01,GHCL,0.008928571428571428
2023-06-01,GLAXO,0.008928571428571428
2023-06-01,GLOBAL,0.008928571428571428
2023-06-01,GODFRYPHLP,0.008928571428571428
2023-06-01,GRASIM,0.008928571428571428
2023-06-01,HAL,0.008928571428571428
2023-06-01,HCLTECH,0.008928571428571428
2023-06-01,HEROMOTOCO,0.008928571428571428
2023-06-01,HINDALCO,0.008928571428571428
2023-06-01,HINDUNILVR,0.008928571428571428
2023-06-01,HINDZINC,0.008928571428571428
2023-06-01,INDHOTEL,0.008928571428571428
2023-06-01,INDUSTOWER,0.008928571428571428
2023-06-01,INFY,0.008928571428571428
2023-06-01,IOC,0.008928571428571428
2023-06-01,IRCTC,0.008928571428571428
2023-06-01,ITC,0.008928571428571428
2023-06-01,JINDALSTEL,0.008928571428571428
2023-06-01,JKPAPER,0.008928571428571428
2023-06-01,JSL,0.008928571428571428
2023-06-01,KALYANKJIL,0.008928571428571428
2023-06-01,KAMDHENU,0.008928571428571428
2023-06-01,KPRMILL,0.008928571428571428
2023-06-01,KUANTUM,0.008928571428571428
2023-06-01,LAURUSLABS,0.008928571428571428
2023-06-01,LODHA,0.008928571428571428
2023-06-01,LT,0.008928571428571428
2023-06-01,LTTS,0.008928571428571428
2023-06-01,M&M,0.008928571428571428
2023-06-01,MAANALU,0.008928571428571428
2023-06-01,MARICO,0.008928571428571428
2023-06-01,MAZDOCK,0.008928571428571428
2023-06-01,MOTHERSON,0.008928571428571428
2023-06-01,MPHASIS,0.008928571428571428
2023-06-01,NATIONALUM,0.008928571428571428
2023-06-01,NH,0.008928571428571428
2023-06-01,NMDC,0.008928571428571428
2023-06-01,OBEROIRLTY,0.008928571428571428
2023-06-01,OIL,0.008928571428571428
2023-06-01,PAGEIND,0.008928571428571428
2023-06-01,PANAMAPET,0.008928571428571428
2023-06-01,PERSISTENT,0.008928571428571428
2023-06-01,PETRONET,0.008928571428571428
2023-06-01,PGHH,0.008928571428571428
2023-06-01,PHOENIXLTD,0.008928571428571428
2023-06-01,PIDILITIND,0.008928571428571428
2023-06-01,POLYCAB,0.008928571428571428
2023-06-01,PRESTIGE,0.008928571428571428
2023-06-01,PVP,0.008928571428571428
2023-06-01,RITES,0.008928571428571428
2023-06-01,ROLEXRINGS,0.008928571428571428
2023-06-01,RUCHIRA,0.008928571428571428
2023-06-01,SBGLP,0.008928571428571428
2023-06-01,SESHAPAPER,0.008928571428571428
2023-06-01,SHREYANIND,0.008928571428571428
2023-06-01,SMLT,0.008928571428571428
2023-06-01,SOLARINDS,0.008928571428571428
2023-06-01,SOTL,0.008928571428571428
2023-06-01,STEELCAS,0.008928571428571428
2023-06-01,SUNPHARMA,0.008928571428571428
2023-06-01,SURYAROSNI,0.008928571428571428
2023-06-01,TATACOMM,0.008928571428571428
2023-06-01,TATASTEEL,0.008928571428571428
2023-06-01,TCS,0.008928571428571428
2023-06-01,TIINDIA,0.008928571428571428
2023-06-01,TITAN,0.008928571428571428
2023-06-01,ULTRACEMCO,0.008928571428571428
2023-06-01,UPL,0.008928571428571428
2023-06-01,VBL,0.008928571428571428
2023-06-01,VEDL,0.008928571428571428
2023-06-01,WIPRO,0.008928571428571428
2023-06-01,WSTCSTPAPR,0.008928571428571428
2023-06-01,ZYDUSLIFE,0.008928571428571428
2024-06-01,3MINDIA,0.009523809523809525
2024-06-01,ABBOTINDIA,0.009523809523809525
2024-06-01,ADANIPORTS,0.009523809523809525
2024-06-01,APARINDS,0.009523809523809525
2024-06-01,ASHOKA,0.009523809523809525
2024-06-01,ASHOKLEY,0.009523809523809525
2024-06-01,ASIANPAINT,0.009523809523809525
2024-06-01,BAJAJ-AUTO,0.009523809523809525
2024-06-01,BANCOINDIA,0.009523809523809525
2024-06-01,BBTC,0.009523809523809525
2024-06-01,BERGEPAINT,0.009523809523809525
2024-06-01,BHARTIARTL,0.009523809523809525
2024-06-01,BPCL,0.009523809523809525
2024-06-01,BRITANNIA,0.009523809523809525
2024-06-01,CHENNPETRO,0.009523809523809525
2024-06-01,CIPLA,0.009523809523809525
2024-06-01,COALINDIA,0.009523809523809525
2024-06-01,COFORGE,0.009523809523809525
2024-06-01,COLPAL,0.009523809523809525
2024-06-01,COROMANDEL,0.009523809523809525
2024-06-01,CYBERMEDIA,0.009523809523809525
2024-06-01,DRREDDY,0.009523809523809525
2024-06-01,ECLERX,0.009523809523809525
2024-06-01,EICHERMOT,0.009523809523809525
2024-06-01,ELECTHERM,0.009523809523809525
2024-06-01,FCL,0.009523809523809525
2024-06-01,GAIL,0.009523809523809525
2024-06-01,GARFIBRES,0.009523809523809525
2024-06-01,GHCL,0.009523809523809525
2024-06-01,GLAXO,0.009523809523809525
2024-06-01,GLOBAL,0.009523809523809525
2024-06-01,GODFRYPHLP,0.009523809523809525
2024-06-01,GPTINFRA,0.009523809523809525
2024-06-01,GRASIM,0.009523809523809525
2024-06-01,HAL,0.009523809523809525
2024-06-01,HCLTECH,0.009523809523809525
2024-06-01,HEROMOTOCO,0.009523809523809525
2024-06-01,HINDPETRO,0.009523809523809525
2024-06-01,HINDZINC,0.009523809523809525
2024-06-01,INDHOTEL,0.009523809523809525
2024-06-01,INDIGO,0.009523809523809525
2024-06-01,INDSWFTLAB,0.009523809523809525
2024-06-01,INDUSTOWER,0.009523809523809525
2024-06-01,INFY,0.009523809523809525
2024-06-01,IOC,0.009523809523809525
2024-06-01,IRCTC,0.009523809523809525
2024-06-01,ITC,0.009523809523809525
2024-06-01,JAIBALAJI,0.009523809523809525
2024-06-01,JINDALSTEL,0.009523809523809525
2024-06-01,JKCEMENT,0.009523809523809525
2024-06-01,JSL,0.009523809523809525
2024-06-01,JSWSTEEL,0.009523809523809525
2024-06-01,KAMDHENU,0.009523809523809525
2024-06-01,KOTHARIPET,0.009523809523809525
2024-06-01,KPRMILL,0.009523809523809525
2024-06-01,KSOLVES,0.009523809523809525
2024-06-01,KUANTUM,0.009523809523809525
2024-06-01,LLOYDSME,0.009523809523809525
2024-06-01,LT,0.009523809523809525
2024-06-01,LTTS,0.009523809523809525
2024-06-01,M&M,0.009523809523809525
2024-06-01,MAZDOCK,0.009523809523809525
2024-06-01,MODTHREAD,0.009523809523809525
2024-06-01,MOTHERSON,0.009523809523809525
2024-06-01,MPHASIS,0.009523809523809525
2024-06-01,MRF,0.009523809523809525
2024-06-01,MRPL,0.009523809523809525
2024-06-01,NATIONALUM,0.009523809523809525
2024-06-01,NESTLEIND,0.009523809523809525
2024-06-01,NH,0.009523809523809525
2024-06-01,NMDC,0.009523809523809525
2024-06-01,OBEROIRLTY,0.009523809523809525
2024-06-01,OIL,0.009523809523809525
2024-06-01,PAGEIND,0.009523809523809525
2024-06-01,PDMJEPAPER,0.009523809523809525
2024-06-01,PERSISTENT,0.009523809523809525
2024-06-01,PETRONET,0.009523809523809525
2024-06-01,PHOENIXLTD,0.009523809523809525
2024-06-01,PIDILITIND,0.009523809523809525
2024-06-01,PIIND,0.009523809523809525
2024-06-01,PREMIERPOL,0.009523809523809525
2024-06-01,RADIANTCMS,0.009523809523809525
2024-06-01,ROLEXRINGS,0.009523809523809525
2024-06-01,SATIA,0.009523809523809525
2024-06-01,SHAKTIPUMP,0.009523809523809525
2024-06-01,SHREYANIND,0.009523809523809525
2024-06-01,SOLARINDS,0.009523809523809525
2024-06-01,STEELCAS,0.009523809523809525
2024-06-01,SURAJEST,0.009523809523809525
2024-06-01,TATACOMM,0.009523809523809525
2024-06-01,TCS,0.009523809523809525
2024-06-01,TIINDIA,0.009523809523809525
2024-06-01,TITAN,0.009523809523809525
2024-06-01,TORNTPHARM,0.009523809523809525
2024-06-01,TRENT,0.009523809523809525
2024-06-01,UGARSUGAR,0.009523809523809525
2024-06-01,ULTRACEMCO,0.009523809523809525
2024-06-01,UNIVASTU,0.009523809523809525
2024-06-01,VBL,0.009523809523809525
2024-06-01,VEDL,0.009523809523809525
2024-06-01,VSTIND,0.009523809523809525
2024-06-01,WANBURY,0.009523809523809525
2024-06-01,WIPRO,0.009523809523809525
2024-06-01,WSTCSTPAPR,0.009523809523809525
2024-06-01,ZYDUSLIFE,0.009523809523809525
2025-06-01,3MINDIA,0.00909090909090909
2025-06-01,ABBOTINDIA,0.00909090909090909
2025-06-01,ADANIPORTS,0.00909090909090909
2025-06-01,AGIIL,0.00909090909090909
2025-06-01,APARINDS,0.00909090909090909
2025-06-01,ARIES,0.00909090909090909
2025-06-01,ARROWGREEN,0.00909090909090909
2025-06-01,ASHOKA,0.00909090909090909
2025-06-01,ASIANPAINT,0.00909090909090909
2025-06-01,BAJAJ-AUTO,0.00909090909090909
2025-06-01,BBTC,0.00909090909090909
2025-06-01,BERGEPAINT,0.00909090909090909
2025-06-01,BHARTIARTL,0.00909090909090909
2025-06-01,BLUESTARCO,0.00909090909090909
2025-06-01,BPCL,0.00909090909090909
2025-06-01,BRITANNIA,0.00909090909090909
2025-06-01,CHAMBLFERT,0.00909090909090909
2025-06-01,CIPLA,0.00909090909090909
2025-06-01,COALINDIA,0.00909090909090909
2025-06-01,COFORGE,0.00909090909090909
2025-06-01,COLPAL,0.00909090909090909
2025-06-01,COROMANDEL,0.00909090909090909
2025-06-01,DDEVPLSTIK,0.00909090909090909
2025-06-01,DGCONTENT,0.00909090909090909
2025-06-01,DIXON,0.00909090909090909
2025-06-01,DRREDDY,0.00909090909090909
2025-06-01,ECLERX,0.00909090909090909
2025-06-01,EICHERMOT,0.00909090909090909
2025-06-01,ELECTHERM,0.00909090909090909
2025-06-01,GAIL,0.00909090909090909
2025-06-01,GHCL,0.00909090909090909
2025-06-01,GLENMARK,0.00909090909090909
2025-06-01,GLOBAL,0.00909090909090909
2025-06-01,GODFRYPHLP,0.00909090909090909
2025-06-01,GOKULAGRO,0.00909090909090909
2025-06-01,GRASIM,0.00909090909090909
2025-06-01,HCLTECH,0.00909090909090909
2025-06-01,HEROMOTOCO,0.00909090909090909
2025-06-01,HINDALCO,0.00909090909090909
2025-06-01,HINDPETRO,0.00909090909090909
2025-06-01,HINDZINC,0.00909090909090909
2025-06-01,HYUNDAI,0.00909090909090909
2025-06-01,IMFA,0.00909090909090909
2025-06-01,INDHOTEL,0.00909090909090909
2025-06-01,INDIGO,0.00909090909090909
2025-06-01,INDUSTOWER,0.00909090909090909
2025-06-01,INFY,0.00909090909090909
2025-06-01,IOC,0.00909090909090909
2025-06-01,IPCALAB,0.00909090909090909
2025-06-01,IRCTC,0.00909090909090909
2025-06-01,ITC,0.00909090909090909
2025-06-01,JAIBALAJI,0.00909090909090909
2025-06-01,JKCEMENT,0.00909090909090909
2025-06-01,JKIL,0.00909090909090909
2025-06-01,JSL,0.00909090909090909
2025-06-01,KNRCON,0.00909090909090909
2025-06-01,KPRMILL,0.00909090909090909
2025-06-01,LIKHITHA,0.00909090909090909
2025-06-01,LLOYDSME,0.00909090909090909
2025-06-01,LODHA,0.00909090909090909
2025-06-01,LT,0.00909090909090909
2025-06-01,LTTS,0.00909090909090909
2025-06-01,LUPIN,0.00909090909090909
2025-06-01,M&M,0.00909090909090909
2025-06-01,MARUTI,0.00909090909090909
2025-06-01,MOTHERSON,0.00909090909090909
2025-06-01,MPHASIS,0.00909090909090909
2025-06-01,NATCOPHARM,0.00909090909090909
2025-06-01,NATIONALUM,0.00909090909090909
2025-06-01,NCC,0.00909090909090909
2025-06-01,NESTLEIND,0.00909090909090909
2025-06-01,NMDC,0.00909090909090909
2025-06-01,OBEROIRLTY,0.00909090909090909
2025-06-01,OIL,0.00909090909090909
2025-06-01,PAGEIND,0.00909090909090909
2025-06-01,PANAMAPET,0.00909090909090909
2025-06-01,PATANJALI,0.00909090909090909
2025-06-01,PDMJEPAPER,0.00909090909090909
2025-06-01,PETRONET,0.00909090909090909
2025-06-01,PHOENIXLTD,0.00909090909090909
2025-06-01,PIDILITIND,0.00909090909090909
2025-06-01,PIIND,0.00909090909090909
2025-06-01,POKARNA,0.00909090909090909
2025-06-01,POLYCAB,0.00909090909090909
2025-06-01,PPL,0.00909090909090909
2025-06-01,PREMIERENE,0.00909090909090909
2025-06-01,RADHIKAJWE,0.00909090909090909
2025-06-01,RADIANTCMS,0.00909090909090909
2025-06-01,RBZJEWEL,0.00909090909090909
2025-06-01,RELIANCE,0.00909090909090909
2025-06-01,ROLEXRINGS,0.00909090909090909
2025-06-01,RUCHIRA,0.00909090909090909
2025-06-01,SHARDAMOTR,0.00909090909090909
2025-06-01,SIGMA,0.00909090909090909
2025-06-01,SOLARINDS,0.00909090909090909
2025-06-01,SSDL,0.00909090909090909
2025-06-01,STEELCAS,0.00909090909090909
2025-06-01,TATACOMM,0.00909090909090909
2025-06-01,TCS,0.00909090909090909
2025-06-01,TECHM,0.00909090909090909
2025-06-01,TORNTPHARM,0.00909090909090909
2025-06-01,TRENT,0.00909090909090909
2025-06-01,UGARSUGAR,0.00909090909090909
2025-06-01,UNIVASTU,0.00909090909090909
2025-06-01,UPL,0.00909090909090909
2025-06-01,VEDL,0.00909090909090909
2025-06-01,VESUVIUS,0.00909090909090909
2025-06-01,WEBELSOLAR,0.00909090909090909
2025-06-01,WIPRO,0.00909090909090909
2025-06-01,ZYDUSLIFE,0.00909090909090909
2026-06-01,20MICRONS,0.01020408163265306
2026-06-01,ABBOTINDIA,0.01020408163265306
2026-06-01,AHLWEST,0.01020408163265306
2026-06-01,AMBUJACEM,0.01020408163265306
2026-06-01,APARINDS,0.01020408163265306
2026-06-01,APOLLOHOSP,0.01020408163265306
2026-06-01,ASHOKA,0.01020408163265306
2026-06-01,ASIANPAINT,0.01020408163265306
2026-06-01,AUROPHARMA,0.01020408163265306
2026-06-01,BAJAJ-AUTO,0.01020408163265306
2026-06-01,BERGEPAINT,0.01020408163265306
2026-06-01,BHARTIARTL,0.01020408163265306
2026-06-01,BLUESTARCO,0.01020408163265306
2026-06-01,BOSCHLTD,0.01020408163265306
2026-06-01,BPCL,0.01020408163265306
2026-06-01,BSOFT,0.01020408163265306
2026-06-01,CENTEXT,0.01020408163265306
2026-06-01,CHAMBLFERT,0.01020408163265306
2026-06-01,CHEMBONDCH,0.01020408163265306
2026-06-01,CHENNPETRO,0.01020408163265306
2026-06-01,CIPLA,0.01020408163265306
2026-06-01,COLPAL,0.01020408163265306
2026-06-01,COROMANDEL,0.01020408163265306
2026-06-01,DIXON,0.01020408163265306
2026-06-01,DLF,0.01020408163265306
2026-06-01,DMART,0.01020408163265306
2026-06-01,EICHERMOT,0.01020408163265306
2026-06-01,EIDPARRY,0.01020408163265306
2026-06-01,GANDHITUBE,0.01020408163265306
2026-06-01,GHCL,0.01020408163265306
2026-06-01,GLENMARK,0.01020408163265306
2026-06-01,GOKULAGRO,0.01020408163265306
2026-06-01,GRASIM,0.01020408163265306
2026-06-01,GULFOILLUB,0.01020408163265306
2026-06-01,HAVELLS,0.01020408163265306
2026-06-01,HEROMOTOCO,0.01020408163265306
2026-06-01,HEXT,0.01020408163265306
2026-06-01,HINDALCO,0.01020408163265306
2026-06-01,HINDPETRO,0.01020408163265306
2026-06-01,HINDUNILVR,0.01020408163265306
2026-06-01,INDIGO,0.01020408163265306
2026-06-01,INDUSTOWER,0.01020408163265306
2026-06-01,INFY,0.01020408163265306
2026-06-01,IPCALAB,0.01020408163265306
2026-06-01,ITC,0.01020408163265306
2026-06-01,JKIL,0.01020408163265306
2026-06-01,JSL,0.01020408163265306
2026-06-01,JSWSTEEL,0.01020408163265306
2026-06-01,KALYANKJIL,0.01020408163265306
2026-06-01,KAMDHENU,0.01020408163265306
2026-06-01,KHAICHEM,0.01020408163265306
2026-06-01,LLOYDSME,0.01020408163265306
2026-06-01,LODHA,0.01020408163265306
2026-06-01,LT,0.01020408163265306
2026-06-01,LTM,0.01020408163265306
2026-06-01,LTTS,0.01020408163265306
2026-06-01,LUPIN,0.01020408163265306
2026-06-01,M&M,0.01020408163265306
2026-06-01,MARICO,0.01020408163265306
2026-06-01,MOTHERSON,0.01020408163265306
2026-06-01,MPHASIS,0.01020408163265306
2026-06-01,MRPL,0.01020408163265306
2026-06-01,NATIONALUM,0.01020408163265306
2026-06-01,NILASPACES,0.01020408163265306
2026-06-01,NMDC,0.01020408163265306
2026-06-01,NOIDATOLL,0.01020408163265306
2026-06-01,OBEROIRLTY,0.01020408163265306
2026-06-01,OIL,0.01020408163265306
2026-06-01,OSWALPUMPS,0.01020408163265306
2026-06-01,PAGEIND,0.01020408163265306
2026-06-01,PANAMAPET,0.01020408163265306
2026-06-01,PHOENIXLTD,0.01020408163265306
2026-06-01,PIDILITIND,0.01020408163265306
2026-06-01,POLYCAB,0.01020408163265306
2026-06-01,PREMIERENE,0.01020408163265306
2026-06-01,QUESS,0.01020408163265306
2026-06-01,RADICO,0.01020408163265306
2026-06-01,ROUTE,0.01020408163265306
2026-06-01,SANDUMA,0.01020408163265306
2026-06-01,SBGLP,0.01020408163265306
2026-06-01,SENCO,0.01020408163265306
2026-06-01,SHARDACROP,0.01020408163265306
2026-06-01,SHARDAMOTR,0.01020408163265306
2026-06-01,SPARC,0.01020408163265306
2026-06-01,SUZLON,0.01020408163265306
2026-06-01,TATACONSUM,0.01020408163265306
2026-06-01,TBZ,0.01020408163265306
2026-06-01,TCS,0.01020408163265306
2026-06-01,TECHM,0.01020408163265306
2026-06-01,TIINDIA,0.01020408163265306
2026-06-01,TRENT,0.01020408163265306
2026-06-01,TVSMOTOR,0.01020408163265306
2026-06-01,ULTRACEMCO,0.01020408163265306
2026-06-01,VBL,0.01020408163265306
2026-06-01,VEDL,0.01020408163265306
2026-06-01,WAAREEENER,0.01020408163265306
2026-06-01,WIPRO,0.01020408163265306
2026-06-01,ZYDUSLIFE,0.01020408163265306
