as_of,position,symbol,cap_bucket,roce,ey,rank_roce,rank_ey,combined_rank
2026-09-07,1,INFY,large,0.36635041361194964,0.08738344236428605,1,4,5
2026-09-07,2,ITC,large,0.3416949243051291,0.08693045625664866,2,5,7
2026-09-07,3,HEROMOTOCO,large,0.2770879857079053,0.07133706253444394,6,6,12
2026-09-07,4,HCLTECH,large,0.2786389649166459,0.06487732524386677,4,8,12
2026-09-07,5,TECHM,large,0.22486007169360417,0.05207754254130798,7,9,16
2026-09-07,6,WIPRO,large,0.1375680915889576,0.10314845426231133,18,1,19
2026-09-07,7,POLYCAB,large,0.29620253164556964,0.02990831646817608,3,18,21
2026-09-07,8,BHARTIARTL,large,0.1852213116419765,0.047858535837216186,10,12,22
2026-09-07,9,BAJAJ-AUTO,large,0.20232350312779268,0.03863007445847826,8,15,23
2026-09-07,10,HINDALCO,large,0.11049934676009977,0.08755637091212114,23,3,26
2026-09-07,11,PIDILITIND,large,0.27786666666666665,0.019989378534368878,5,23,28
2026-09-07,12,GRASIM,large,0.08623005345237125,0.09624156515146814,27,2,29
2026-09-07,13,TATASTEEL,large,0.11512207658699564,0.07069117870387662,22,7,29
2026-09-07,14,GODREJCP,large,0.1699572324096315,0.032286190707265634,12,17,29
2026-09-07,15,EICHERMOT,large,0.19320710521178996,0.025558916957434702,9,20,29
2026-09-07,16,LT,large,0.13223048976306184,0.05111892858852542,20,10,30
2026-09-07,17,VBL,large,0.17449178249649114,0.02759852056873543,11,19,30
2026-09-07,18,CIPLA,large,0.13331050619186213,0.044458293948844756,19,14,33
2026-09-07,19,LODHA,large,0.13796220956513877,0.03567831260970158,17,16,33
2026-09-07,20,INDHOTEL,large,0.16306878972874317,0.025195235587084093,13,21,34
2026-09-07,21,JSWSTEEL,large,0.09963232896776232,0.04881691282106339,24,11,35
2026-09-07,22,DRREDDY,large,0.09632665585411826,0.044957262292626594,25,13,38
2026-09-07,23,DMART,large,0.1544125850719625,0.01698824743493109,15,25,40
2026-09-07,24,BOSCHLTD,large,0.1508954824913125,0.01688173556039337,16,26,42
2026-09-07,25,TITAN,large,0.16257231672567135,0.016012246399670905,14,28,42
2026-09-07,26,MAXHEALTH,large,0.1262565905096661,0.01795544346521092,21,24,45
2026-09-07,27,TATACONSUM,large,0.087983094241476,0.021260813115676253,26,22,48
2026-09-07,28,ADANIENT,large,0.04188816669954731,0.016323369249059447,28,27,55
2026-09-07,29,INDIGO,large,0.014506610009442871,0.005048348199953853,29,29,58
2026-09-07,1,GLENMARK,mid,0.36007563479200433,0.05733278707181545,2,5,7
2026-09-07,2,LUPIN,mid,0.23341590971648776,0.06838677707945368,6,3,9
2026-09-07,3,HEXT,mid,0.2224128073184677,0.04799658494457215,9,6,15
2026-09-07,4,SUZLON,mid,0.2701866453737898,0.04300167456290728,4,11,15
2026-09-07,5,INDUSTOWER,mid,0.17560718752056867,0.09192986946616147,16,1,17
2026-09-07,6,PREMIERENE,mid,0.24017467248908297,0.040330854909499766,5,12,17
2026-09-07,7,ZYDUSLIFE,mid,0.17842355079781863,0.05871687594155854,14,4,18
2026-09-07,8,LTTS,mid,0.22549992908807262,0.04556404178128203,8,10,18
2026-09-07,9,COROMANDEL,mid,0.1918373151308305,0.04682232540771274,11,8,19
2026-09-07,10,APARINDS,mid,0.2773665144117184,0.02441130866205459,3,25,28
2026-09-07,11,LLOYDSME,mid,0.1618527192297684,0.04607979402076278,20,9,29
2026-09-07,12,MARICO,mid,0.44598279840570587,0.020651639390451226,1,28,29
2026-09-07,13,UPL,mid,0.10011669412410763,0.08413033809202876,28,2,30
2026-09-07,14,TIINDIA,mid,0.1898659769574418,0.03125879851950563,12,19,31
2026-09-07,15,COFORGE,mid,0.2195811008280565,0.026074605638119162,10,21,31
2026-09-07,16,KALYANKJIL,mid,0.17213906325446643,0.031855679352641525,17,17,34
2026-09-07,17,HAVELLS,mid,0.18611111111111112,0.025284223895306324,13,22,35
2026-09-07,18,DABUR,mid,0.15589832375855828,0.033603560509040474,21,15,36
2026-09-07,19,JINDALSTEL,mid,0.08887347127562611,0.04795233293933456,30,7,37
2026-09-07,20,RADICO,mid,0.2278447823807027,0.014531826602735292,7,32,39
2026-09-07,21,PIIND,mid,0.11449062472997494,0.036963067987740364,27,13,40
2026-09-07,22,PHOENIXLTD,mid,0.13959048553212358,0.0316379047722345,22,18,40
2026-09-07,23,TATACOMM,mid,0.12710244648318042,0.03352144603500544,25,16,41
2026-09-07,24,BLUESTARCO,mid,0.17774634606317774,0.02423680712265497,15,26,41
2026-09-07,25,ITCHOTELS,mid,0.09060688714626662,0.034310706563147574,29,14,43
2026-09-07,26,MANKIND,mid,0.12113037325313993,0.02737060741500576,26,20,46
2026-09-07,27,VMM,mid,0.1324327199234124,0.02510535687569717,24,24,48
2026-09-07,28,LAURUSLABS,mid,0.1669224865694551,0.012595383328209678,18,33,51
2026-09-07,29,NYKAA,mid,0.16186915887850467,0.004484279744419483,19,34,53
2026-09-07,30,MEDANTA,mid,0.13722826086956522,0.017937360632979356,23,31,54
2026-09-07,31,NAUKRI,mid,0.027847637011421986,0.025113507107602122,33,23,56
2026-09-07,32,GODREJIND,mid,0.02774899985655313,0.021931098885476688,34,27,61
2026-09-07,33,BIOCON,mid,0.030606881494359764,0.0195641571318847,32,29,61
2026-09-07,34,KAYNES,mid,0.08320084790673025,0.018928596616620132,31,30,61
2026-09-07,1,EIDPARRY,small,0.21854412362749084,0.180449236726885,23,3,26
2026-09-07,2,SHARDAMOTR,small,0.26138032305433184,0.08850051476341952,11,16,27
2026-09-07,3,SHANTIGOLD,small,0.2371007371007371,0.08898745495630123,18,15,33
2026-09-07,4,TANLA,small,0.2377016922471468,0.08757076746365329,17,18,35
2026-09-07,5,WAAREERTL,small,0.5851851851851851,0.07011026558060585,1,37,38
2026-09-07,6,BSOFT,small,0.1847672778561354,0.13393241819533006,38,5,43
2026-09-07,7,SAKSOFT,small,0.2116788321167883,0.0872317041077279,26,19,45
2026-09-07,8,BLS,small,0.2505183137525916,0.07307452912304446,13,32,45
2026-09-07,9,JAMNAAUTO,small,0.28904227782571185,0.06601700377171409,6,44,50
2026-09-07,10,ONWARDTEC,small,0.19112627986348124,0.08449530597547171,35,20,55
2026-09-07,11,DHANUKA,small,0.1985981308411215,0.08050227581711877,32,24,56
2026-09-07,12,WANBURY,small,0.2815126050420168,0.06350130710933953,8,49,57
2026-09-07,13,SWARAJENG,small,0.5091649694501018,0.05662166921173671,2,55,57
2026-09-07,14,SENCO,small,0.1730289660464224,0.10388085858662242,47,11,58
2026-09-07,15,ZENSARTECH,small,0.17194664443518132,0.09761819359128371,48,12,60
2026-09-07,16,AUTOAXLES,small,0.18059299191374664,0.08401037206478866,40,21,61
2026-09-07,17,RSYSTEMS,small,0.2006661115736886,0.07128214781012639,31,35,66
2026-09-07,18,NIITMTS,small,0.15905427189682966,0.10463651456458549,63,10,73
2026-09-07,19,ECLERX,small,0.2979300984051578,0.05029001580617081,4,69,73
2026-09-07,20,MBEL,small,0.17139001349527666,0.07877468880819839,50,25,75
2026-09-07,21,SKIPPER,small,0.20437654830718416,0.06404516935436283,29,48,77
2026-09-07,22,CEATLTD,small,0.16434238999759557,0.08262536837571671,57,22,79
2026-09-07,23,QUESS,small,0.21920991479473276,0.05499261143073423,22,59,81
2026-09-07,24,KERNEX,small,0.348780487804878,0.045613090489226515,3,82,85
2026-09-07,25,MASTEK,small,0.14956268221574345,0.09413969435249771,73,14,87
2026-09-07,26,INTERARCH,small,0.18909899888765294,0.05994820331639884,36,52,88
2026-09-07,27,NEWGEN,small,0.20319383259911894,0.055188497985944024,30,58,88
2026-09-07,28,DBCORP,small,0.14492753623188406,0.1061153904808183,80,9,89
2026-09-07,29,ARVINDFASN,small,0.18859649122807018,0.05965617024697969,37,53,90
2026-09-07,30,BORORENEW,small,0.20621637776449492,0.05042486940801371,27,68,95
2026-09-07,31,GESHIP,small,0.1251592886032467,0.12323135812035603,93,6,99
2026-09-07,32,THOMASCOTT,small,0.16304347826086957,0.0694972273659603,60,39,99
2026-09-07,33,UNIPARTS,small,0.19707317073170733,0.05026188212680691,33,70,103
2026-09-07,34,NATCOPHARM,small,0.123704076497232,0.09544952596147868,96,13,109
2026-09-07,35,KANPRPLA,small,0.13910761154855644,0.07628755436988341,82,29,111
2026-09-07,36,ALIVUS,small,0.21333726763056948,0.04427779414352749,24,87,111
2026-09-07,37,PARADEEP,small,0.13185769596026006,0.07750925210983962,90,26,116
2026-09-07,38,SWSOLAR,small,0.1645844649646931,0.054945534339841486,56,60,116
2026-09-07,39,ARIS,small,0.11990111248454882,0.08792445051210236,100,17,117
2026-09-07,40,EPL,small,0.1517927244176917,0.06508217657143983,71,46,117
2026-09-07,41,FSL,small,0.16027922255680263,0.056481925790217505,62,56,118
2026-09-07,42,AWL,small,0.14562770562770563,0.06908150424556368,79,40,119
2026-09-07,43,ACE,small,0.23229321446260526,0.039164325448931184,20,99,119
2026-09-07,44,RPTECH,small,0.14660033167495853,0.06638563887724462,78,42,120
2026-09-07,45,SURYAROSNI,small,0.1315886472539624,0.0747362216702505,91,30,121
2026-09-07,46,BHARATWIRE,small,0.12076749435665914,0.08148694762254328,99,23,122
2026-09-07,47,TRAVELFOOD,small,0.2956161137440758,0.031088973973574748,5,121,126
2026-09-07,48,KAJARIACER,small,0.21250758955676988,0.036139647050637644,25,104,129
2026-09-07,49,TATAELXSI,small,0.23533083645443195,0.03435368253496244,19,110,129
2026-09-07,50,IKS,small,0.27019420208274697,0.0316090676061043,10,119,129
2026-09-07,51,GODREJAGRO,small,0.17609539656128675,0.04451773550125149,44,86,130
2026-09-07,52,PENIND,small,0.11655913978494624,0.07700631780950633,105,28,133
2026-09-07,53,EMCURE,small,0.205686910832947,0.034978219046235985,28,106,134
2026-09-07,54,DJML,small,0.13846153846153847,0.06014704390296541,84,51,135
2026-09-07,55,AJANTPHARM,small,0.2772091080008356,0.030451421864773447,9,126,135
2026-09-07,56,TCI,small,0.136158388329281,0.06065457482378019,86,50,136
2026-09-07,57,DUCON,small,0.0962962962962963,0.16438874569211884,133,4,137
2026-09-07,58,SSWL,small,0.1420432966198253,0.056179326697971085,81,57,138
2026-09-07,59,CERA,small,0.1836734693877551,0.03851699552457375,39,100,139
2026-09-07,60,ROSSARI,small,0.11701526286037309,0.07104075902783634,104,36,140
2026-09-07,61,VAIBHAVGBL,small,0.12506059137178865,0.06420218377231045,94,47,141
2026-09-07,62,KSL,small,0.11782945736434108,0.0663215779921715,103,43,146
2026-09-07,63,MANAKCOAT,small,0.14822546972860126,0.049934187724456215,75,71,146
2026-09-07,64,SJS,small,0.24354657687991021,0.029662809829472978,15,132,147
2026-09-07,65,RPPL,small,0.09210526315789473,0.1101767919201785,142,8,150
2026-09-07,66,ADVENZYMES,small,0.1141826923076923,0.06898516590581014,111,41,152
2026-09-07,67,SIS,small,0.11580161476355248,0.06583998311809097,108,45,153
2026-09-07,68,INDIGOPNTS,small,0.16595744680851063,0.03649017210963672,53,102,155
2026-09-07,69,SCPL,small,0.15458937198067632,0.04337204137410223,70,89,159
2026-09-07,70,PGIL,small,0.16521015397419891,0.03503004359943791,54,105,159
2026-09-07,71,REGAAL,small,0.10054347826086957,0.07293064673561615,128,33,161
2026-09-07,72,CLEAN,small,0.17528373266078184,0.03243256573176818,46,115,161
2026-09-07,73,UFO,small,0.08353221957040573,0.11165751844942987,156,7,163
2026-09-07,74,CROWN,small,0.100436035769714,0.0725046841787465,129,34,163
2026-09-07,75,KIRLOSIND,small,0.08190709046454768,0.9750746842174002,163,1,164
2026-09-07,76,TRITURBINE,small,0.2822417285617826,0.02346669979258945,7,158,165
2026-09-07,77,ARVIND,small,0.135343618513324,0.04768734100366431,87,79,166
2026-09-07,78,CCL,small,0.15862632869991825,0.036481662285623724,64,103,167
2026-09-07,79,DIGITIDE,small,0.09715120525931337,0.07004810528445087,132,38,170
2026-09-07,80,JAGSNPHARM,small,0.17192982456140352,0.030919155835352895,49,122,171
2026-09-07,81,BLUEJET,small,0.1924447612259444,0.02794148903789875,34,138,172
2026-09-07,82,INDGN,small,0.15016752969844654,0.03658131716594249,72,101,173
2026-09-07,83,RAMCOSYS,small,0.1760204081632653,0.029829397929899814,45,129,174
2026-09-07,84,GARFIBRES,small,0.16666666666666666,0.03087384647029839,52,123,175
2026-09-07,85,CAMPUS,small,0.1786339754816112,0.029465481489724353,41,134,175
2026-09-07,86,KANSAINER,small,0.1064709236031927,0.054721450158198195,119,61,180
2026-09-07,87,SHYAMMETL,small,0.11582056194125159,0.049109390045258196,107,75,182
2026-09-07,88,ERIS,small,0.13414244650271478,0.04067877818440399,88,97,185
2026-09-07,89,AEROENTER,small,0.10368663594470046,0.05099180135075397,122,66,188
2026-09-07,90,GLOBUSSPR,small,0.1012970969734404,0.05249711402703494,126,63,189
2026-09-07,91,VGUARD,small,0.16509062253743104,0.02906127604590651,55,135,190
2026-09-07,92,LALPATHLAB,small,0.22940524565940154,0.019693339974966764,21,170,191
2026-09-07,93,CYIENT,small,0.1015867822672992,0.050953365133542906,125,67,192
2026-09-07,94,PLATIND,small,0.11920529801324503,0.04198737743099087,101,92,193
2026-09-07,95,PICCADIL,small,0.14675052410901468,0.03205017429909949,77,116,193
2026-09-07,96,TCIEXP,small,0.11224489795918367,0.04832600082596926,116,78,194
2026-09-07,97,KIRLOSENG,small,0.1378543635352974,0.03389676818556999,85,113,198
2026-09-07,98,THEJO,small,0.16414141414141414,0.027262047869377186,58,140,198
2026-09-07,99,CENTUM,small,0.2462526766595289,0.01749054562350825,14,186,200
2026-09-07,100,RGL,small,0.07534883720930233,0.0745734515415928,170,31,201
2026-09-07,101,DCMSHRIRAM,small,0.09355020684467845,0.053941470795813226,140,62,202
2026-09-07,102,SPCENET,small,0.06435643564356436,0.07732847361882168,176,27,203
2026-09-07,103,HSCL,small,0.16325785244704163,0.02656746315440107,59,144,203
2026-09-07,104,VIYASH,small,0.12319905910026463,0.03464685406573034,98,109,207
2026-09-07,105,SAFARI,small,0.16246953696181965,0.026182102432498626,61,146,207
2026-09-07,106,INOXINDIA,small,0.25771476230191825,0.015394244652617722,12,195,207
2026-09-07,107,INTELLECT,small,0.11268028846153846,0.04121593001878547,115,93,208
2026-09-07,108,NAVINFLUOR,small,0.17784979031643156,0.021115316025803993,42,168,210
2026-09-07,109,RAINBOW,small,0.15636077195746356,0.025780633145626234,66,147,213
2026-09-07,110,PDSL,small,0.09247027741083223,0.04931609474421233,141,73,214
2026-09-07,111,SYMPHONY,small,0.14763231197771587,0.027585358023799272,76,139,215
2026-09-07,112,GALAPREC,small,0.1268882175226586,0.030711798147715273,92,124,216
2026-09-07,113,SUMEETINDS,small,0.10187667560321716,0.04080001668350494,124,96,220
2026-09-07,114,STARPAPER,small,0.015427769985974754,0.8847080404549754,220,2,222
2026-09-07,115,SAMHI,small,0.07556987115956393,0.057355659203056304,169,54,223
2026-09-07,116,AARTISURF,small,0.0830945558739255,0.05112933459967607,159,65,224
2026-09-07,117,TEAMLEASE,small,0.08714408973252805,0.049089666242173785,151,76,227
2026-09-07,118,THOMASCOOK,small,0.08684381075826313,0.048769661169963514,152,77,229
2026-09-07,119,CPPLUS,small,0.2390998593530239,0.011421668748918512,16,213,229
2026-09-07,120,BOROSCI,small,0.09555555555555556,0.04098549645935101,135,95,230
2026-09-07,121,METROPOLIS,small,0.15587392550143267,0.022531819843792777,68,162,230
2026-09-07,122,METROBRAND,small,0.15773224810552905,0.021311457294671533,65,167,232
2026-09-07,123,VIJAYA,small,0.17753623188405798,0.015686116007847233,43,194,237
2026-09-07,124,SUPRAJIT,small,0.10127624536846438,0.033995147830269246,127,112,239
2026-09-07,125,MEDPLUS,small,0.09558823529411764,0.034773565331243865,134,107,241
2026-09-07,126,JSWCEMENT,small,0.08352246935996369,0.04461135479192566,157,85,242
2026-09-07,127,VERANDA,small,0.08053691275167785,0.046594707599361296,165,80,245
2026-09-07,128,FAZE3Q,small,0.08516483516483517,0.04209867408881704,154,91,245
2026-09-07,129,VIMTALABS,small,0.15634218289085547,0.018390858114363508,67,178,245
2026-09-07,130,TRIVENI,small,0.07359622024350354,0.04916108725052783,172,74,246
2026-09-07,131,VMART,small,0.11367207962283918,0.0288774311740522,113,136,249
2026-09-07,132,HAPPYFORGE,small,0.15541090317331163,0.018059186094103948,69,182,251
2026-09-07,133,ALKYLAMINE,small,0.13885267275097785,0.021069988652940776,83,169,252
2026-09-07,134,SAILIFE,small,0.16847041847041846,0.01382156104912822,51,201,252
2026-09-07,135,NGIL,small,0.08257756563245823,0.04100169255366674,160,94,254
2026-09-07,136,RISHABH,small,0.11016949152542373,0.028302520905262196,118,137,255
2026-09-07,137,AFFLE,small,0.13253340605399508,0.02136640412433816,89,166,255
2026-09-07,138,ADSL,small,0.04806408544726302,0.05129834597135587,192,64,256
2026-09-07,139,VTL,small,0.06257579432452098,0.045231781138869755,178,83,261
2026-09-07,140,PCJEWELLER,small,0.06958569746279841,0.04406264605838586,173,88,261
2026-09-07,141,AARTIPHARM,small,0.09204584925321292,0.031613502000409285,143,118,261
2026-09-07,142,PROTEAN,small,0.0592274678111588,0.04472920053442614,180,84,264
2026-09-07,143,RATNAVEER,small,0.08656716417910448,0.03434620161499125,153,111,264
2026-09-07,144,GLAND,small,0.11332456305205789,0.024437672743530807,114,155,269
2026-09-07,145,BECTORFOOD,small,0.11498973305954825,0.023146597092100617,110,160,270
2026-09-07,146,SYNGENE,small,0.08833522083805209,0.030416377889235964,147,127,274
2026-09-07,147,LAXMIDENTL,small,0.10546875,0.02513740154543996,121,154,275
2026-09-07,148,VALIANTORG,small,0.04630541871921182,0.046114208348197974,195,81,276
2026-09-07,149,PFOCUS,small,0.0980140935297886,0.025706270793702263,131,148,279
2026-09-07,150,MARATHON,small,0.050105263157894736,0.04251401264210138,190,90,280
2026-09-07,151,ADROITINFO,small,0.030381694067878093,0.04934897324889432,209,72,281
2026-09-07,152,BALRAMCHIN,small,0.07717569786535304,0.03175994067367346,167,117,284
2026-09-07,153,TTKPRESTIG,small,0.09099350046425256,0.02639105840504268,144,145,289
2026-09-07,154,SONACOMS,small,0.12342412451361867,0.01615949365257766,97,192,289
2026-09-07,155,ENTERO,small,0.09425190194420964,0.025313811533770984,139,152,291
2026-09-07,156,AVALON,small,0.14882226980728053,0.008760838581355328,74,218,292
2026-09-07,157,BLISSGVS,small,0.11120263591433278,0.018322085350088023,117,179,296
2026-09-07,158,SAKAR,small,0.11392405063291139,0.017959168680455082,112,185,297
2026-09-07,159,SANSERA,small,0.11579233487360696,0.0171668267965695,109,188,297
2026-09-07,160,SHALBY,small,0.046875,0.034736414448808615,194,108,302
2026-09-07,161,AARTIIND,small,0.06354729420382749,0.030663191774277784,177,125,302
2026-09-07,162,RATEGAIN,small,0.08934010152284264,0.023847056366028564,146,157,303
2026-09-07,163,HONASA,small,0.12411118293471235,0.012673037046147103,95,208,303
2026-09-07,164,TITAGARH,small,0.09093861643390712,0.022550038763366566,145,161,306
2026-09-07,165,POLYMED,small,0.0953757225433526,0.01959433950121332,136,171,307
2026-09-07,166,EUREKAFORB,small,0.05293863439930856,0.0312838068526865,188,120,308
2026-09-07,167,IZMO,small,0.08454106280193237,0.025181111974154673,155,153,308
2026-09-07,168,ZENTEC,small,0.11588883062401678,0.01368080895456491,106,202,308
2026-09-07,169,SETL,small,0.11811926605504587,0.012990215471070708,102,206,308
2026-09-07,170,MBLINFRA,small,0.027777777777777776,0.03994147630787489,211,98,309
2026-09-07,171,SMARTWORKS,small,0.06140516104727821,0.029797355414031418,179,130,309
2026-09-07,172,GOKEX,small,0.05505388872706088,0.02964098929320165,187,133,320
2026-09-07,173,PPAP,small,0.029197080291970802,0.03378886685601021,210,114,324
2026-09-07,174,HARDWYN,small,0.04600484261501211,0.03001334911109936,196,128,324
2026-09-07,175,SHOPERSTOP,small,0.05626385809312639,0.02719707145127795,182,142,324
2026-09-07,176,ANURAS,small,0.07400999615532487,0.024225238935632783,171,156,327
2026-09-07,177,AGARWALEYE,small,0.09508408796895214,0.016953408559346742,137,190,327
2026-09-07,178,AETHER,small,0.10230003432887058,0.013574284785194214,123,204,327
2026-09-07,179,APOLLO,small,0.10554658050619278,0.01296887667887733,120,207,327
2026-09-07,180,KRISHIVAL,small,0.08733624454148471,0.018194799360252596,150,181,331
2026-09-07,181,HITECHGEAR,small,0.04815864022662889,0.0272073770485601,191,141,332
2026-09-07,182,STYLEBAAZA,small,0.06500691562932227,0.023291031396933767,174,159,333
2026-09-07,183,DIGISPICE,small,0.040880503144654086,0.029680384068132018,203,131,334
2026-09-07,184,YASHO,small,0.08782435129740519,0.016405134089700856,149,191,340
2026-09-07,185,LLOYDSENGG,small,0.09438202247191012,0.013622156578997844,138,203,341
2026-09-07,186,PGEL,small,0.08203017832647462,0.01799370442796397,162,183,345
2026-09-07,187,KMEW,small,0.09848484848484848,0.010389560237083177,130,215,345
2026-09-07,188,ASTERDM,small,0.08828722778104768,0.014223643476158327,148,198,346
2026-09-07,189,SHREDIGCEM,small,0.045454545454545456,0.025371462435779403,198,150,348
2026-09-07,190,MAHLOG,small,0.055342465753424656,0.02230631891035201,185,163,348
2026-09-07,191,TVSSCS,small,0.04343286698684485,0.025462134756365898,201,149,350
2026-09-07,192,BANARBEADS,small,0.03133793809158352,0.02696210971036867,208,143,351
2026-09-07,193,GANECOS,small,0.044607566346696784,0.02534486658909131,200,151,351
2026-09-07,194,FISCHER,small,0.08130081300813008,0.016993557257363328,164,189,353
2026-09-07,195,CARTRADE,small,0.08346036585365854,0.014942337380960671,158,197,355
2026-09-07,196,SASKEN,small,0.05549263873159683,0.01939919728732791,184,173,357
2026-09-07,197,CARBORUNIV,small,0.07769016697588126,0.015767826506921014,166,193,359
2026-09-07,198,RKFORGE,small,0.05122843700993204,0.019537207432407302,189,172,361
2026-09-07,199,WELSPUNLIV,small,0.05530973451327434,0.01858983834087614,186,176,362
2026-09-07,200,SOLARA,small,0.04484536082474227,0.021506429576696993,199,165,364
2026-09-07,201,SUDARSCHEM,small,0.04321404456448346,0.02173775029957267,202,164,366
2026-09-07,202,OPTIEMUS,small,0.06440382941688425,0.013859290147313389,175,200,375
2026-09-07,203,MOSCHIP,small,0.08249496981891348,0.009691473760304395,161,216,377
2026-09-07,204,COHANCE,small,0.055658627087198514,0.014059208302914098,183,199,382
2026-09-07,205,BLACKBUCK,small,0.07697501688048616,0.010715014224459606,168,214,382
2026-09-07,206,RUSTOMJEE,small,0.0239245456636761,0.01867138815746472,212,175,387
2026-09-07,207,LXCHEM,small,0.03757911392405063,0.017972494660290744,206,184,390
2026-09-07,208,ZYDUSWELL,small,0.04020378779488316,0.017395842553361754,204,187,391
2026-09-07,209,BAJAJHIND,small,0.020391517128874388,0.018233770892305285,216,180,396
2026-09-07,210,VIKASECO,small,0.007058823529411765,0.01932347809536676,226,174,400
2026-09-07,211,VIRINCHI,small,0.010443864229765013,0.018463629649616866,223,177,400
2026-09-07,212,UNIMECH,small,0.057803468208092484,0.006886662056867603,181,219,400
2026-09-07,213,AYMSYNTEX,small,0.039897039897039896,0.015201304848498978,205,196,401
2026-09-07,214,BLUESTONE,small,0.04702774108322325,0.011688420333227624,193,211,404
2026-09-07,215,FOCUS,small,0.03614457831325301,0.01354087485778137,207,205,412
2026-09-07,216,TIRUPATIFL,small,0.045714285714285714,0.009090766717602642,197,217,414
2026-09-07,217,ZIMLAB,small,0.02364066193853428,0.012194333027567134,213,210,423
2026-09-07,218,AAREYDRUGS,small,0.02,0.012348891417491686,218,209,427
2026-09-07,219,CLEDUCATE,small,0.013307984790874524,0.011616262184380496,221,212,433
2026-09-07,220,IXIGO,small,0.022488038277511963,0.006830760053701759,214,220,434
2026-09-07,221,DIAMONDYD,small,0.020161290322580645,0.005399025132738734,217,222,439
2026-09-07,222,AXISCADES,small,0.02242152466367713,0.003151212437275451,215,226,441
2026-09-07,223,IMAGICAA,small,0.011278195488721804,0.0052411137888675715,222,223,445
2026-09-07,224,INDIACEM,small,0.008399685011812057,0.0054008017898429005,225,221,446
2026-09-07,225,BOSCH-HCIL,small,0.01718213058419244,0.0019569983683589503,219,229,448
2026-09-07,226,BLUSPRING,small,0.008706467661691543,0.0032527586338110194,224,225,449
2026-09-07,227,KALPATARU,small,0.005495332731105089,0.004978724335392393,229,224,453
2026-09-07,228,PPLPHARMA,small,0.0065765700657657005,0.0026497119488790312,228,227,455
2026-09-07,229,WALCHANNAG,small,0.006932409012131715,0.002304524962959426,227,228,455
2026-09-07,230,ONESOURCE,small,0.0034083162917518746,0.0012960974268610625,230,230,460
2026-09-07,231,UFBL,small,0.002508361204013378,0.0008356122804374409,231,231,462
2026-09-07,232,STLNETWORK,small,0.0011527377521613833,0.0008286868575000743,232,232,464
