rebalance_date,symbol,weight,cap_bucket,sector,roce,ey,rank_roce,rank_ey,combined_rank,position_in_bucket,anomaly_flagged
2019-06-01,ABBOTINDIA,0.011111111111111112,mid,Healthcare,0.2926829268292683,0.03996789022657351,9,47,56,23,False
2019-06-01,ALKYLAMINE,0.011111111111111112,small,Chemicals,0.2655367231638418,0.17427748768887513,33,115,148,33,False
2019-06-01,ALPHAGEO,0.011111111111111112,small,"Oil, Gas & Consumable Fuels",0.23102310231023102,0.2549588089309857,64,63,127,27,False
2019-06-01,AMBUJACEM,0.011111111111111112,large,Construction Materials,0.12748772869254796,0.07046449388487618,33,25,58,34,False
2019-06-01,APARINDS,0.011111111111111112,mid,Capital Goods,0.29120879120879123,0.17698797670544525,10,10,20,3,False
2019-06-01,APLAPOLLO,0.011111111111111112,mid,Capital Goods,0.1805708013172338,0.2773324164639234,31,6,37,10,False
2019-06-01,ASIANPAINT,0.011111111111111112,large,Consumer Durables,0.29128822984244673,0.025121958592576852,6,46,52,26,False
2019-06-01,AUROPHARMA,0.011111111111111112,mid,Healthcare,0.15745313324063864,0.07389229478119969,36,25,61,30,False
2019-06-01,BAJAJ-AUTO,0.011111111111111112,large,Automobile and Auto Components,0.21114821474441306,0.10303858693982092,19,20,39,14,False
2019-06-01,BALAXI,0.011111111111111112,small,Healthcare,0.6666666666666666,0.4079410516216858,5,29,34,4,True
2019-06-01,BALKRISIND,0.011111111111111112,mid,Automobile and Auto Components,0.17610859728506786,0.07064247528911928,33,26,59,26,False
2019-06-01,BBTC,0.011111111111111112,small,Fast Moving Consumer Goods,0.28122091941187416,0.26818231785550434,27,57,84,16,False
2019-06-01,BDL,0.011111111111111112,mid,Capital Goods,0.2380114386273647,0.21781068662729158,18,9,27,5,True
2019-06-01,BEL,0.011111111111111112,large,Capital Goods,0.2780661907852044,0.3676061006805568,11,3,14,3,False
2019-06-01,BHARATFORG,0.011111111111111112,mid,Automobile and Auto Components,0.1623604465709729,0.06602824524364699,35,30,65,31,False
2019-06-01,BHARATRAS,0.011111111111111112,small,Chemicals,0.2606707317073171,0.24135867321545015,39,68,107,19,False
2019-06-01,BLS,0.011111111111111112,small,Consumer Services,0.22493887530562348,0.28842056054498644,70,48,118,23,False
2019-06-01,BLUESTARCO,0.011111111111111112,mid,Consumer Durables,0.22358722358722358,0.06919613100708241,22,28,50,21,False
2019-06-01,BOMDYEING,0.011111111111111112,small,Textiles,0.40133939248983497,0.3078856103357772,12,44,56,11,False
2019-06-01,BOSCHLTD,0.011111111111111112,large,Automobile and Auto Components,0.19214740074577757,0.040289261113776335,20,37,57,32,False
2019-06-01,BPCL,0.011111111111111112,large,"Oil, Gas & Consumable Fuels",0.13987369025405483,0.24495158020780763,27,7,34,10,False
2019-06-01,BRITANNIA,0.011111111111111112,large,Fast Moving Consumer Goods,0.35608981628487185,0.026153035393924356,4,45,49,24,False
2019-06-01,COALINDIA,0.011111111111111112,large,"Oil, Gas & Consumable Fuels",0.7520320948892377,0.2581209313066146,2,5,7,1,False
2019-06-01,COLPAL,0.011111111111111112,mid,Fast Moving Consumer Goods,0.7043819489862655,0.040415975280737454,2,46,48,18,False
2019-06-01,COROMANDEL,0.011111111111111112,mid,Chemicals,0.21162680183747823,0.09201952107186107,26,21,47,17,False
2019-06-01,DIVISLAB,0.011111111111111112,large,Healthcare,0.24139883902024636,0.044554397126973705,13,34,47,22,False
2019-06-01,DIXON,0.011111111111111112,mid,Consumer Durables,0.21923076923076923,0.16597280826392619,23,11,34,8,True
2019-06-01,DRREDDY,0.011111111111111112,large,Healthcare,0.11438329320866693,0.21088438969955275,36,10,46,21,False
2019-06-01,EICHERMOT,0.011111111111111112,large,Automobile and Auto Components,0.28596529760597406,7.8724291521825815,9,1,10,2,False
2019-06-01,EXCELINDUS,0.011111111111111112,small,Chemicals,0.32814710042432815,0.25598220655062454,16,61,77,14,False
2019-06-01,EXIDEIND,0.011111111111111112,small,Automobile and Auto Components,0.19657843770174305,0.46273760892882576,110,24,134,31,False
2019-06-01,GAIL,0.011111111111111112,large,"Oil, Gas & Consumable Fuels",0.17150144110145768,0.7298198133550843,23,2,25,7,False
2019-06-01,GARFIBRES,0.011111111111111112,small,Textiles,0.230566534914361,0.6256795148541648,65,12,77,13,False
2019-06-01,GMBREW,0.011111111111111112,small,Fast Moving Consumer Goods,0.2997275204359673,0.20216005021195002,21,94,115,22,False
2019-06-01,GODFRYPHLP,0.011111111111111112,mid,Fast Moving Consumer Goods,0.14608361364728495,1.4111408276889674,39,2,41,12,False
2019-06-01,GRAPHITE,0.011111111111111112,small,Capital Goods,0.8681491857818245,1.1232625721353027,4,8,12,2,True
2019-06-01,GRASIM,0.011111111111111112,large,Construction Materials,0.0917077757583838,0.16908174346691734,42,13,55,28,False
2019-06-01,GUJALKALI,0.011111111111111112,small,Chemicals,0.2146158925819943,0.36068839729487695,89,34,123,25,False
2019-06-01,HAL,0.011111111111111112,large,Capital Goods,0.21768119520928508,0.2675899177934074,17,4,21,4,False
2019-06-01,HCLTECH,0.011111111111111112,large,Information Technology,0.26015671297820503,0.19929589010869397,12,11,23,5,False
2019-06-01,HEG,0.011111111111111112,small,Capital Goods,1.0291479820627802,4.996321878331636,2,3,5,1,False
2019-06-01,HEROMOTOCO,0.011111111111111112,large,Automobile and Auto Components,0.3276503871351995,0.12348388413073536,5,18,23,6,False
2019-06-01,HINDALCO,0.011111111111111112,large,Metals & Mining,0.09765639215400851,0.12632445516357355,40,17,57,29,False
2019-06-01,HINDPETRO,0.011111111111111112,mid,"Oil, Gas & Consumable Fuels",0.1440811032222829,0.2275189446964003,41,8,49,19,False
2019-06-01,HINDUNILVR,0.011111111111111112,large,Fast Moving Consumer Goods,1.0438111975897564,0.024543284903773135,1,47,48,23,False
2019-06-01,IGPL,0.011111111111111112,small,Chemicals,0.24301336573511542,0.22156116513477775,49,80,129,28,False
2019-06-01,INFY,0.011111111111111112,large,Information Technology,0.2795929050933054,0.07296094440922511,10,24,34,12,False
2019-06-01,IOC,0.011111111111111112,large,"Oil, Gas & Consumable Fuels",0.12787535546156237,0.2314978073402558,32,8,40,15,False
2019-06-01,IPCALAB,0.011111111111111112,mid,Healthcare,0.14297658862876253,0.08393669903770257,42,24,66,34,False
2019-06-01,ITC,0.011111111111111112,large,Fast Moving Consumer Goods,0.28975217229604083,0.0789794604156592,8,22,30,8,False
2019-06-01,JSL,0.011111111111111112,mid,Metals & Mining,0.11649233414529302,0.14226862011528799,47,13,60,27,False
2019-06-01,JSWSTEEL,0.011111111111111112,large,Metals & Mining,0.1811512209365989,0.14117379354878495,22,16,38,13,False
2019-06-01,JUBLFOOD,0.011111111111111112,mid,Consumer Services,0.353968253968254,0.13987556071939697,5,14,19,2,False
2019-06-01,KEI,0.011111111111111112,mid,Capital Goods,0.29557007988380535,0.08731767622842591,8,23,31,7,False
2019-06-01,KELLTONTEC,0.011111111111111112,small,Information Technology,0.24557522123893805,0.5881388369055434,47,15,62,12,False
2019-06-01,KKCL,0.011111111111111112,small,Textiles,0.1988527724665392,0.7800852289683747,108,11,119,24,False
2019-06-01,KPRMILL,0.011111111111111112,mid,Textiles,0.18171514922553836,0.2798928706254351,30,5,35,9,False
2019-06-01,LTTS,0.011111111111111112,mid,Information Technology,0.3180392156862745,0.050123320532795355,7,37,44,15,False
2019-06-01,MAITHANALL,0.011111111111111112,small,Metals & Mining,0.27589285714285716,0.2736872920832931,29,53,82,15,False
2019-06-01,MARUTI,0.011111111111111112,large,Automobile and Auto Components,0.17004571235079996,0.05179286405428542,24,30,54,27,False
2019-06-01,NATIONALUM,0.011111111111111112,mid,Metals & Mining,0.22907781252961804,0.3793062000998089,20,3,23,4,False
2019-06-01,NMDC,0.011111111111111112,mid,Metals & Mining,0.25166616176916085,1.443051948007133,15,1,16,1,False
2019-06-01,PAGEIND,0.011111111111111112,mid,Textiles,0.6825581395348838,0.02880338775298095,3,54,57,24,True
2019-06-01,PERSISTENT,0.011111111111111112,mid,Information Technology,0.170004260758415,0.29557276829603346,34,4,38,11,False
2019-06-01,PETRONET,0.011111111111111112,mid,"Oil, Gas & Consumable Fuels",0.26295147756293324,0.10895690768020548,11,16,27,6,False
2019-06-01,PIDILITIND,0.011111111111111112,large,Chemicals,0.290542126261441,0.04125663118628736,7,36,43,20,False
2019-06-01,PRECWIRE,0.011111111111111112,small,Capital Goods,0.2711864406779661,0.9385470542026062,30,9,39,5,False
2019-06-01,RADICO,0.011111111111111112,mid,Fast Moving Consumer Goods,0.1848086124401914,0.06771334567502615,29,29,58,25,False
2019-06-01,RELIANCE,0.011111111111111112,large,"Oil, Gas & Consumable Fuels",0.09112497229522211,0.1503947037320075,44,14,58,33,False
2019-06-01,RITES,0.011111111111111112,small,Construction,0.21862348178137653,0.3529059035061612,76,36,112,21,False
2019-06-01,RUCHIRA,0.011111111111111112,small,Forest Materials,0.21630094043887146,0.255295024198084,81,62,143,32,False
2019-06-01,SAKSOFT,0.011111111111111112,small,Information Technology,0.25462962962962965,0.8691098744555716,44,10,54,10,False
2019-06-01,SAKUMA,0.011111111111111112,small,Services,0.2710843373493976,0.5955242090752296,31,13,44,8,True
2019-06-01,SESHAPAPER,0.011111111111111112,small,Forest Materials,0.26464646464646463,1.2298482336487402,34,6,40,6,False
2019-06-01,SGL,0.011111111111111112,small,Textiles,1.6364347146207976,0.46876659493257394,1,23,24,3,False
2019-06-01,SHREYANIND,0.011111111111111112,small,Forest Materials,0.30869565217391304,0.4787273490824447,19,21,40,7,False
2019-06-01,SOLARINDS,0.011111111111111112,large,Chemicals,0.24049945711183496,0.040249625498767115,14,38,52,25,False
2019-06-01,SONATSOFTW,0.011111111111111112,small,Information Technology,0.4119897959183674,0.3204617736188419,11,41,52,9,False
2019-06-01,SPLIL,0.011111111111111112,small,Textiles,0.2565947242206235,0.21160240232008504,41,89,130,29,False
2019-06-01,SRF,0.011111111111111112,mid,Chemicals,0.11946564885496183,0.13777861283102746,46,15,61,29,False
2019-06-01,TATASTEEL,0.011111111111111112,large,Metals & Mining,0.12946783629176215,0.2207496193030781,31,9,40,16,False
2019-06-01,TCS,0.011111111111111112,large,Information Technology,0.4183983554542611,0.05809272229777861,3,28,31,9,False
2019-06-01,TECHM,0.011111111111111112,large,Information Technology,0.2307899461400359,0.11581259088975822,15,19,34,11,False
2019-06-01,THYROCARE,0.011111111111111112,small,Healthcare,0.2922374429223744,0.21402173854422116,23,86,109,20,False
2019-06-01,TORNTPHARM,0.011111111111111112,large,Healthcare,0.12683516075078982,0.07689128173658526,34,23,57,30,False
2019-06-01,TTKPRESTIG,0.011111111111111112,small,Consumer Durables,0.21479713603818615,0.32416341247808816,88,38,126,26,False
2019-06-01,TVSMOTOR,0.011111111111111112,large,Automobile and Auto Components,0.1380333654154636,0.05581287528443022,28,29,57,31,False
2019-06-01,VAIBHAVGBL,0.011111111111111112,small,Consumer Durables,0.23328964613368283,0.37117234416250366,59,32,91,17,False
2019-06-01,VBL,0.011111111111111112,large,Fast Moving Consumer Goods,0.13545568039950062,0.17190255171333105,30,12,42,19,False
2019-06-01,VEDL,0.011111111111111112,large,Metals & Mining,0.11654723279101795,0.25731974227868054,35,6,41,17,True
2020-06-01,ADANIENT,0.01,large,Metals & Mining,0.06204454130627256,0.06758023031455232,46,24,70,42,False
2020-06-01,ADFFOODS,0.01,small,Fast Moving Consumer Goods,0.20614035087719298,0.4252683621465113,74,33,107,16,False
2020-06-01,AMBUJACEM,0.01,large,Construction Materials,0.14279198971764998,0.10275296074518339,24,16,40,16,False
2020-06-01,ANDHRAPAP,0.01,small,Forest Materials,0.23147208121827412,2.3702369378475425,49,1,50,3,False
2020-06-01,ANDHRSUGAR,0.01,small,Chemicals,0.15335689045936396,2.0761355892256717,166,2,168,32,False
2020-06-01,APARINDS,0.01,mid,Capital Goods,0.26527958387516254,0.26513869026590203,9,8,17,2,False
2020-06-01,APLAPOLLO,0.01,mid,Capital Goods,0.17434961204929256,0.3146829207723217,29,6,35,11,False
2020-06-01,ASIANPAINT,0.01,large,Consumer Durables,0.3006489465730287,0.022108962068034643,4,48,52,22,False
2020-06-01,AUROPHARMA,0.01,mid,Healthcare,0.17137559597386545,0.08373611860950932,32,25,57,21,False
2020-06-01,BAJAJ-AUTO,0.01,large,Automobile and Auto Components,0.22319625481916652,0.09908258827925101,12,17,29,12,False
2020-06-01,BALAXI,0.01,small,Healthcare,0.2857142857142857,0.3674912453352847,21,44,65,6,True
2020-06-01,BBTC,0.01,small,Fast Moving Consumer Goods,0.2172573189522342,0.452314065924051,61,30,91,12,False
2020-06-01,BDL,0.01,mid,Capital Goods,0.2517162471395881,0.32273076003115586,10,5,15,1,True
2020-06-01,BEL,0.01,large,Capital Goods,0.23680555555555555,0.5981452791880211,10,1,11,2,False
2020-06-01,BEPL,0.01,small,Chemicals,0.21348314606741572,0.24651990674034185,65,92,157,29,False
2020-06-01,BERGEPAINT,0.01,mid,Consumer Durables,0.2514585764294049,0.022202023432042955,11,63,74,41,False
2020-06-01,BHARATRAS,0.01,small,Chemicals,0.3161094224924012,0.2583339307660755,12,89,101,14,False
2020-06-01,BLS,0.01,small,Consumer Services,0.17249417249417248,1.3630558739973444,125,6,131,21,False
2020-06-01,BLUESTARCO,0.01,mid,Consumer Durables,0.1497695852534562,0.06723442650359829,38,32,70,36,False
2020-06-01,BOSCHLTD,0.01,large,Automobile and Auto Components,0.11784872509106492,0.045944181849833746,28,33,61,32,False
2020-06-01,BPCL,0.01,large,"Oil, Gas & Consumable Fuels",0.04798643243667163,0.07665940462057896,48,22,70,41,False
2020-06-01,BRITANNIA,0.01,large,Fast Moving Consumer Goods,0.27907759636424845,0.02300798896977191,6,47,53,23,False
2020-06-01,COALINDIA,0.01,large,"Oil, Gas & Consumable Fuels",0.46981083182171546,0.312374514961453,2,3,5,1,False
2020-06-01,COCHINSHIP,0.01,mid,Capital Goods,0.17212688507540302,0.48458356358716,30,3,33,10,False
2020-06-01,COLPAL,0.01,mid,Fast Moving Consumer Goods,0.5919811320754716,0.030558218841103105,2,54,56,20,False
2020-06-01,COROMANDEL,0.01,mid,Chemicals,0.24917153227079059,0.08082783162453286,12,27,39,13,False
2020-06-01,DBCORP,0.01,small,"Media, Entertainment & Publication",0.17943648047454275,0.3044058608683221,109,61,170,34,False
2020-06-01,DIVISLAB,0.01,large,Healthcare,0.2231899836690256,0.026168535741256913,13,45,58,29,False
2020-06-01,DIXON,0.01,mid,Consumer Durables,0.304140127388535,0.15224281874204676,7,10,17,3,True
2020-06-01,DMART,0.01,large,Consumer Services,0.15368439498817138,0.011737510333954105,21,53,74,43,False
2020-06-01,DRREDDY,0.01,large,Healthcare,0.07378291874894716,0.10876751447394474,42,13,55,25,False
2020-06-01,ECLERX,0.01,small,Services,0.17429938482570062,1.227606644373533,118,9,127,20,False
2020-06-01,ENDURANCE,0.01,mid,Automobile and Auto Components,0.19089456869009586,0.06503832729686647,23,33,56,19,False
2020-06-01,EXPLEOSOL,0.01,small,Information Technology,0.3092105263157895,0.28694319513946825,13,66,79,9,False
2020-06-01,FACT,0.01,mid,Chemicals,0.1962406015037594,0.057100023936671275,21,34,55,17,True
2020-06-01,GAIL,0.01,large,"Oil, Gas & Consumable Fuels",0.12356710573157707,0.37538668556660204,27,2,29,10,False
2020-06-01,GARFIBRES,0.01,small,Textiles,0.1823394495412844,0.4451318395756859,100,31,131,22,False
2020-06-01,GHCL,0.01,small,Chemicals,0.17645348837209301,0.28495121403820567,116,68,184,40,False
2020-06-01,GLAXO,0.01,mid,Healthcare,0.3152114222954421,0.02963866700714396,6,56,62,27,False
2020-06-01,GODFRYPHLP,0.01,mid,Fast Moving Consumer Goods,0.17177672955974843,0.6617754329804336,31,2,33,9,False
2020-06-01,GRASIM,0.01,large,Construction Materials,0.04503956608136681,0.11499758782303167,50,11,61,31,False
2020-06-01,GTPL,0.01,small,"Media, Entertainment & Publication",0.24395373291272346,0.3581029736945057,40,45,85,10,False
2020-06-01,HAL,0.01,large,Capital Goods,0.20416145181476847,0.29453564673728705,16,4,20,4,False
2020-06-01,HCLTECH,0.01,large,Information Technology,0.2345197711508278,0.11599135010807814,11,10,21,5,False
2020-06-01,HEROMOTOCO,0.01,large,Automobile and Auto Components,0.2169728783902012,0.10911431068739155,14,12,26,7,False
2020-06-01,HINDALCO,0.01,large,Metals & Mining,0.0727216768206067,0.103975245582767,43,15,58,28,False
2020-06-01,HINDUNILVR,0.01,large,Fast Moving Consumer Goods,1.07655851257747,0.020051415328383497,1,50,51,21,False
2020-06-01,INFY,0.01,large,Information Technology,0.2764436453918925,0.07788547538997202,7,21,28,9,False
2020-06-01,INTENTECH,0.01,small,Information Technology,0.328125,0.5556072460350243,11,20,31,1,False
2020-06-01,IPCALAB,0.01,mid,Healthcare,0.16812015503875968,0.07208509708259732,33,29,62,26,False
2020-06-01,IRB,0.01,small,Construction,0.157162638469285,0.48365043320727,158,27,185,41,False
2020-06-01,ITC,0.01,large,Fast Moving Consumer Goods,0.27000350871840245,0.12091139243216545,8,9,17,3,False
2020-06-01,JKCEMENT,0.01,mid,Construction Materials,0.14668504057571582,0.07637715946934594,39,28,67,32,False
2020-06-01,JSL,0.01,mid,Metals & Mining,0.10678145295272617,0.1440165173410872,50,12,62,24,False
2020-06-01,JSWSTEEL,0.01,large,Metals & Mining,0.07719695578543592,0.07311113595538629,39,23,62,34,False
2020-06-01,JUBLFOOD,0.01,mid,Consumer Services,0.19018624641833812,0.08870904918381294,24,22,46,14,False
2020-06-01,KEI,0.01,mid,Capital Goods,0.23479188900747064,0.1491299927464205,13,11,24,5,False
2020-06-01,KKCL,0.01,small,Textiles,0.16292134831460675,1.3833726410614586,142,5,147,25,False
2020-06-01,KPRMILL,0.01,mid,Textiles,0.18281191104410102,0.3545484233562634,27,4,31,7,False
2020-06-01,LAURUSLABS,0.01,mid,Healthcare,0.13267813267813267,0.18504177998610347,41,9,50,16,False
2020-06-01,LT,0.01,large,Construction,0.10524685917378523,0.091204225323978,31,19,50,20,False
2020-06-01,LTTS,0.01,mid,Information Technology,0.3311897106109325,0.08531063700989364,5,24,29,6,False
2020-06-01,MARICO,0.01,mid,Fast Moving Consumer Goods,0.3954180303481107,0.03341405041666906,4,53,57,22,False
2020-06-01,MPHASIS,0.01,mid,Information Technology,0.22152788626777067,0.112343178478728,15,16,31,8,False
2020-06-01,NMDC,0.01,mid,Metals & Mining,0.20213896168283874,1.3606303817116066,19,1,20,4,False
2020-06-01,NRAIL,0.01,small,Forest Materials,0.2967741935483871,0.36916118219969696,18,42,60,5,False
2020-06-01,OBEROIRLTY,0.01,mid,Realty,0.09883720930232558,0.09117732961169074,53,20,73,38,False
2020-06-01,PAGEIND,0.01,mid,Textiles,0.4738955823293173,0.023193722242646934,3,62,65,31,True
2020-06-01,PETRONET,0.01,mid,"Oil, Gas & Consumable Fuels",0.21700087772601445,0.10306589097544105,18,18,36,12,False
2020-06-01,PHOENIXLTD,0.01,mid,Realty,0.09542222776599725,0.09441294301450057,55,19,74,40,False
2020-06-01,PIDILITIND,0.01,large,Chemicals,0.2963743676222597,0.03974213586550668,5,40,45,17,False
2020-06-01,POLYCAB,0.01,large,Capital Goods,0.24236354531797696,0.09325386644912789,9,18,27,8,False
2020-06-01,PRESTIGE,0.01,mid,Realty,0.11543193001640241,0.11554116742538217,47,15,62,25,False
2020-06-01,RELIANCE,0.01,large,"Oil, Gas & Consumable Fuels",0.08338068305443622,0.13003755417424395,38,8,46,18,False
2020-06-01,RITES,0.01,small,Construction,0.2297650130548303,0.3072798516978316,52,59,111,18,False
2020-06-01,RVNL,0.01,mid,Construction,0.08031143344709897,0.13277636718744493,59,13,72,37,False
2020-06-01,SAIL,0.01,mid,Metals & Mining,0.06804826533386311,0.1056809935864445,61,17,78,42,False
2020-06-01,SAKSOFT,0.01,small,Information Technology,0.23076923076923078,1.475128346526767,51,3,54,4,False
2020-06-01,SESHAPAPER,0.01,small,Forest Materials,0.22546161321671526,0.3693531362339309,57,41,98,13,False
2020-06-01,SHARDAMOTR,0.01,small,Automobile and Auto Components,0.14933333333333335,1.4139401207210083,177,4,181,38,False
2020-06-01,SOLARINDS,0.01,large,Chemicals,0.1671455938697318,0.039962093366453115,18,39,57,27,False
2020-06-01,SONATSOFTW,0.01,small,Information Technology,0.44503311258278144,0.4263973090997885,3,32,35,2,False
2020-06-01,SPLIL,0.01,small,Textiles,0.1780904371379129,0.33550474736737035,114,55,169,33,False
2020-06-01,SRF,0.01,mid,Chemicals,0.117569207014448,0.1315993918134981,45,14,59,23,False
2020-06-01,TATASTEEL,0.01,large,Metals & Mining,0.04750821467688938,0.07972536355544958,49,20,69,40,False
2020-06-01,THYROCARE,0.01,small,Healthcare,0.37467018469656993,0.19415488136726772,6,140,146,24,False
2020-06-01,TIINDIA,0.01,mid,Automobile and Auto Components,0.18482309124767227,0.05267206391824881,26,38,64,28,True
2020-06-01,TITAN,0.01,large,Consumer Durables,0.20672466034600723,0.02441262933223699,15,46,61,33,False
2020-06-01,TORNTPHARM,0.01,large,Healthcare,0.14291101055806937,0.06293581407403961,23,25,48,19,False
2020-06-01,TTKPRESTIG,0.01,small,Consumer Durables,0.16451149425287356,0.5790907692801287,138,19,157,28,False
2020-06-01,TVSMOTOR,0.01,large,Automobile and Auto Components,0.1148389699455389,0.062149288798183974,29,26,55,26,False
2020-06-01,TVTODAY,0.01,small,"Media, Entertainment & Publication",0.19932810750279956,0.22799514781038394,77,106,183,39,False
2020-06-01,ULTRACEMCO,0.01,large,Construction Materials,0.10510287933229139,0.053567204074136426,32,30,62,35,False
2020-06-01,VAIBHAVGBL,0.01,small,Consumer Durables,0.2708089097303634,0.3559764241020473,25,46,71,7,False
2020-06-01,VBL,0.01,large,Fast Moving Consumer Goods,0.14423361992291728,0.19514653222991085,22,7,29,11,False
2020-06-01,VEDL,0.01,large,Metals & Mining,0.10235279647168385,0.23531467935441502,34,5,39,15,True
2020-06-01,WELCORP,0.01,small,Capital Goods,0.22637979420018708,0.5453317787750578,55,23,78,8,False
2020-06-01,WIPRO,0.01,large,Information Technology,0.1576730313931679,0.226019148826918,20,6,26,6,False
2020-06-01,WSTCSTPAPR,0.01,small,Forest Materials,0.19617001401214385,0.2734764907437586,84,76,160,30,False
2020-06-01,ZEEMEDIA,0.01,small,"Media, Entertainment & Publication",0.19668737060041408,0.32133176117541135,82,58,140,23,False
2021-06-01,ABBOTINDIA,0.009433962264150943,mid,Healthcare,0.3137254901960784,0.027898773416132273,10,51,61,27,False
2021-06-01,ADANIPORTS,0.009433962264150943,large,Services,0.0992654267915592,0.034423753050330214,39,35,74,41,False
2021-06-01,AMBUJACEM,0.009433962264150943,large,Construction Materials,0.1654899259514379,0.061779955644325445,22,24,46,21,False
2021-06-01,APARINDS,0.009433962264150943,mid,Capital Goods,0.20127610208816704,0.15949420792528424,23,7,30,7,False
2021-06-01,APLAPOLLO,0.009433962264150943,mid,Capital Goods,0.2600451467268623,0.067640892744574,14,25,39,9,False
2021-06-01,ASIANPAINT,0.009433962264150943,large,Consumer Durables,0.292467083962875,0.015444559737221862,5,48,53,29,False
2021-06-01,AUROPHARMA,0.009433962264150943,mid,Healthcare,0.15486449814808023,0.07044681422437242,38,23,61,25,False
2021-06-01,BAJAJ-AUTO,0.009433962264150943,large,Automobile and Auto Components,0.1707975908012411,0.05767503377771535,20,25,45,19,False
2021-06-01,BALAXI,0.009433962264150943,small,Healthcare,0.6231884057971014,0.3333615664556438,2,27,29,2,True
2021-06-01,BALKRISIND,0.009433962264150943,mid,Automobile and Auto Components,0.1992857142857143,0.035013705003578935,25,43,68,36,False
2021-06-01,BBTC,0.009433962264150943,small,Fast Moving Consumer Goods,0.23775622928685405,0.2813256005594931,75,32,107,14,False
2021-06-01,BEL,0.009433962264150943,large,Capital Goods,0.2555595733140481,0.2868421362075108,8,1,9,2,False
2021-06-01,BEPL,0.009433962264150943,small,Chemicals,0.6417033773861968,0.33003488612896903,1,28,29,3,False
2021-06-01,BERGEPAINT,0.009433962264150943,mid,Consumer Durables,0.24208426826227875,0.015467123365304062,16,63,79,46,False
2021-06-01,BHARATRAS,0.009433962264150943,small,Chemicals,0.272264631043257,0.1646002195040844,48,104,152,25,False
2021-06-01,BHARTIARTL,0.009433962264150943,large,Telecommunication,0.07159350224138397,0.03849904967369073,47,34,81,44,False
2021-06-01,BOSCHLTD,0.009433962264150943,large,Automobile and Auto Components,0.0832150821001419,0.02272546498837567,42,43,85,45,False
2021-06-01,BPCL,0.009433962264150943,large,"Oil, Gas & Consumable Fuels",0.1541998575221812,0.25998957885876656,25,3,28,6,False
2021-06-01,BRITANNIA,0.009433962264150943,large,Fast Moving Consumer Goods,0.40866489832007075,0.030318442304471362,2,36,38,16,False
2021-06-01,COALINDIA,0.009433962264150943,large,"Oil, Gas & Consumable Fuels",0.351634356869959,0.25522399370680654,3,4,7,1,False
2021-06-01,COFORGE,0.009433962264150943,mid,Information Technology,0.234209493919184,0.14392542567401934,19,10,29,6,False
2021-06-01,COLPAL,0.009433962264150943,mid,Fast Moving Consumer Goods,1.05648369132856,0.031891262850766364,1,45,46,17,False
2021-06-01,COROMANDEL,0.009433962264150943,mid,Chemicals,0.32809394760614274,0.08059777977504758,8,18,26,4,False
2021-06-01,DIVISLAB,0.009433962264150943,large,Healthcare,0.280752688172043,0.024123990495600822,6,41,47,24,False
2021-06-01,DLF,0.009433962264150943,large,Realty,0.031020601468150603,0.02386704486062787,55,42,97,51,False
2021-06-01,DMART,0.009433962264150943,large,Consumer Services,0.10583651399491094,0.006733022809379061,33,55,88,47,False
2021-06-01,DRREDDY,0.009433962264150943,large,Healthcare,0.127944662119673,0.14823772616679495,29,10,39,17,False
2021-06-01,EASEMYTRIP,0.009433962264150943,small,Consumer Services,0.42777777777777776,0.60119596801311,6,10,16,1,False
2021-06-01,ECLERX,0.009433962264150943,small,Services,0.21957040572792363,0.2632888559390288,101,39,140,20,False
2021-06-01,EICHERMOT,0.009433962264150943,large,Automobile and Auto Components,0.11425630468347915,0.02047033238529366,32,46,78,43,False
2021-06-01,EIDPARRY,0.009433962264150943,small,Fast Moving Consumer Goods,0.302253569585412,0.22582774107422687,28,58,86,11,False
2021-06-01,ESCORTS,0.009433962264150943,mid,Capital Goods,0.19815215254570473,0.07677499963119673,26,20,46,15,False
2021-06-01,FACT,0.009433962264150943,mid,Chemicals,0.3213633597078515,0.05530859800313119,9,28,37,8,True
2021-06-01,FCL,0.009433962264150943,small,Chemicals,0.18779342723004694,0.6225309989008966,142,9,151,24,False
2021-06-01,GAIL,0.009433962264150943,large,"Oil, Gas & Consumable Fuels",0.08305626074850544,0.1532345709066843,43,9,52,27,False
2021-06-01,GARFIBRES,0.009433962264150943,small,Textiles,0.2004381161007667,0.2335072266965322,124,51,175,33,False
2021-06-01,GLAXO,0.009433962264150943,mid,Healthcare,0.34302709847984136,0.02394909082852403,5,53,58,24,False
2021-06-01,GLOBUSSPR,0.009433962264150943,small,Fast Moving Consumer Goods,0.2772020725388601,0.19515544847456695,41,74,115,15,False
2021-06-01,GODFRYPHLP,0.009433962264150943,mid,Fast Moving Consumer Goods,0.1343183344526528,1.5742883708262763,45,1,46,14,False
2021-06-01,GRASIM,0.009433962264150943,large,Construction Materials,0.10100157706886534,0.17571323904213776,38,8,46,20,False
2021-06-01,GROBTEA,0.009433962264150943,small,Fast Moving Consumer Goods,0.35443037974683544,0.2659142998736658,11,38,49,6,False
2021-06-01,GTPL,0.009433962264150943,small,"Media, Entertainment & Publication",0.24880382775119617,0.168135275703557,63,96,159,26,False
2021-06-01,HAL,0.009433962264150943,large,Capital Goods,0.27025803531009507,0.28121617856548187,7,2,9,3,False
2021-06-01,HAVELLS,0.009433962264150943,mid,Consumer Durables,0.2352115148323679,0.021476602793871404,18,57,75,44,False
2021-06-01,HCLTECH,0.009433962264150943,large,Information Technology,0.2311724096620094,0.07404930629366029,12,19,31,9,False
2021-06-01,HERITGFOOD,0.009433962264150943,small,Fast Moving Consumer Goods,0.32575757575757575,0.2582382073281057,18,42,60,7,False
2021-06-01,HEROMOTOCO,0.009433962264150943,large,Automobile and Auto Components,0.2089375,0.08494033777887824,14,17,31,8,False
2021-06-01,HINDPETRO,0.009433962264150943,mid,"Oil, Gas & Consumable Fuels",0.15197456901821738,0.2545291511786733,40,5,45,13,False
2021-06-01,HINDZINC,0.009433962264150943,large,Metals & Mining,0.23133572910867034,0.10795605174102409,11,13,24,4,False
2021-06-01,INDUSTOWER,0.009433962264150943,mid,Telecommunication,0.11563826662750648,0.05507542393088645,47,29,76,45,False
2021-06-01,INFY,0.009433962264150943,large,Information Technology,0.30145942504530093,0.04884528753753096,4,27,31,10,False
2021-06-01,IOC,0.009433962264150943,large,"Oil, Gas & Consumable Fuels",0.12686936237072569,0.2368571818721613,31,6,37,15,False
2021-06-01,IPCALAB,0.009433962264150943,mid,Healthcare,0.2703845379504731,0.10632851458242268,11,15,26,3,False
2021-06-01,ITC,0.009433962264150943,large,Fast Moving Consumer Goods,0.25436339041208883,0.08654858732010791,9,16,25,5,False
2021-06-01,JINDALPOLY,0.009433962264150943,small,Capital Goods,0.2706576728499157,0.2587311590423115,51,41,92,12,False
2021-06-01,JINDALSTEL,0.009433962264150943,mid,Metals & Mining,0.17323893461214437,0.15594833626605897,32,9,41,10,False
2021-06-01,JKCEMENT,0.009433962264150943,mid,Construction Materials,0.17370636968626918,0.05134990791248268,31,30,61,26,False
2021-06-01,JSL,0.009433962264150943,mid,Metals & Mining,0.15866355866355866,0.14315012777007685,37,11,48,19,False
2021-06-01,JSWSTEEL,0.009433962264150943,large,Metals & Mining,0.13796879033622048,0.07166791278724292,26,21,47,23,False
2021-06-01,JUBLFOOD,0.009433962264150943,mid,Consumer Services,0.13291762389235312,0.044676970536556726,46,37,83,51,False
2021-06-01,KPRMILL,0.009433962264150943,mid,Textiles,0.22713668107748586,0.2751094369828943,20,4,24,2,False
2021-06-01,LAURUSLABS,0.009433962264150943,mid,Healthcare,0.3301470588235294,0.045471512999833895,7,35,42,11,False
2021-06-01,LT,0.009433962264150943,large,Construction,0.0976541344810877,0.0709672904505057,40,22,62,36,False
2021-06-01,M&M,0.009433962264150943,large,Automobile and Auto Components,0.06635517077721224,0.055358976221006766,48,26,74,40,False
2021-06-01,MANALIPETC,0.009433962264150943,small,Chemicals,0.4048991354466859,0.21648315853925482,8,65,73,8,False
2021-06-01,MPHASIS,0.009433962264150943,mid,Information Technology,0.22170146286038914,0.05121854792131222,21,31,52,21,False
2021-06-01,MRF,0.009433962264150943,mid,Automobile and Auto Components,0.11473231236552335,0.05775772101440852,48,27,75,43,False
2021-06-01,NATIONALUM,0.009433962264150943,mid,Metals & Mining,0.10908079027919489,0.1186319658405391,49,13,62,29,False
2021-06-01,NCLIND,0.009433962264150943,small,Construction Materials,0.24263959390862944,0.20586893137931117,71,71,142,21,False
2021-06-01,NDTV,0.009433962264150943,small,"Media, Entertainment & Publication",0.2831858407079646,0.13334395689191475,37,158,195,45,False
2021-06-01,NMDC,0.009433962264150943,mid,Metals & Mining,0.26854669217980487,0.7625165838265633,12,3,15,1,False
2021-06-01,OIL,0.009433962264150943,mid,"Oil, Gas & Consumable Fuels",0.08862714364742762,1.1220694629178294,60,2,62,28,False
2021-06-01,PAGEIND,0.009433962264150943,mid,Textiles,0.45948616600790515,0.014282772770781861,3,67,70,38,True
2021-06-01,PANAMAPET,0.009433962264150943,small,"Oil, Gas & Consumable Fuels",0.2902711323763955,0.14876272661708642,34,130,164,29,False
2021-06-01,PERSISTENT,0.009433962264150943,mid,Information Technology,0.17512953367875647,0.061415035126639664,30,26,56,22,False
2021-06-01,PETRONET,0.009433962264150943,mid,"Oil, Gas & Consumable Fuels",0.2532988357050453,0.12688450597580497,15,12,27,5,False
2021-06-01,PIDILITIND,0.009433962264150943,large,Chemicals,0.25067521944632004,0.029278449468147,10,38,48,25,False
2021-06-01,POLYPLEX,0.009433962264150943,small,Capital Goods,0.25,0.2727794098443745,62,37,99,13,False
2021-06-01,PRESTIGE,0.009433962264150943,mid,Realty,0.10396154740677573,0.09092736417590395,52,16,68,35,False
2021-06-01,RAJRATAN,0.009433962264150943,small,Automobile and Auto Components,0.21138211382113822,0.22605821041677301,109,57,166,30,False
2021-06-01,REDINGTON,0.009433962264150943,small,Services,0.2237410071942446,0.27288839352022587,93,36,129,18,False
2021-06-01,RITES,0.009433962264150943,small,Construction,0.20584602717167558,0.2377772357831968,114,47,161,27,False
2021-06-01,RVNL,0.009433962264150943,mid,Construction,0.07409008385925478,0.0884176346770573,64,17,81,48,False
2021-06-01,SAIL,0.009433962264150943,mid,Metals & Mining,0.10438958631729717,0.11206231490848872,51,14,65,32,False
2021-06-01,SAKSOFT,0.009433962264150943,small,Information Technology,0.1993006993006993,1.014174650172573,127,8,135,19,False
2021-06-01,SAREGAMA,0.009433962264150943,small,"Media, Entertainment & Publication",0.2445759368836292,0.4313874400823693,69,14,83,10,False
2021-06-01,SHAKTIPUMP,0.009433962264150943,small,Capital Goods,0.29523809523809524,0.4105672678787518,32,17,49,5,False
2021-06-01,SHREECEM,0.009433962264150943,mid,Construction Materials,0.1604924263913315,0.031045958712850968,36,46,82,49,False
2021-06-01,SOLARINDS,0.009433962264150943,large,Chemicals,0.1763720150816925,0.029662926694450333,19,37,56,32,False
2021-06-01,SOTL,0.009433962264150943,small,"Oil, Gas & Consumable Fuels",0.27281279397930386,6.738129921172663,45,1,46,4,False
2021-06-01,SRF,0.009433962264150943,mid,Chemicals,0.16271186440677965,0.1571574101086376,35,8,43,12,False
2021-06-01,SUPREMEIND,0.009433962264150943,mid,Capital Goods,0.33395696913002804,0.04006030147850122,6,40,46,16,False
2021-06-01,TATACOMM,0.009433962264150943,mid,Telecommunication,0.16917195238508992,0.05030217582487544,34,32,66,34,False
2021-06-01,TATASTEEL,0.009433962264150943,large,Metals & Mining,0.13069927491704558,0.2404774764335395,28,5,33,13,False
2021-06-01,TCS,0.009433962264150943,large,Information Technology,0.4508320244513308,0.04293665219276615,1,31,32,12,False
2021-06-01,TECHM,0.009433962264150943,large,Information Technology,0.19224951379384858,0.07180639137481865,16,20,36,14,False
2021-06-01,THANGAMAYL,0.009433962264150943,small,Consumer Durables,0.2222222222222222,0.16295211640464152,95,108,203,49,False
2021-06-01,TITAN,0.009433962264150943,large,Consumer Durables,0.10277883517320137,0.009542007097101152,35,53,88,46,False
2021-06-01,TORNTPHARM,0.009433962264150943,large,Healthcare,0.17008961911874534,0.06804373473730603,21,23,44,18,False
2021-06-01,TTKPRESTIG,0.009433962264150943,small,Consumer Durables,0.181360201511335,0.34674150848492935,156,24,180,36,False
2021-06-01,TVSMOTOR,0.009433962264150943,large,Automobile and Auto Components,0.10414844433337499,0.04150886444541504,34,32,66,39,False
2021-06-01,ULTRACEMCO,0.009433962264150943,large,Construction Materials,0.13457977964609827,0.04640400192485107,27,28,55,31,False
2021-06-01,UNIVASTU,0.009433962264150943,small,Construction,0.2602739726027397,0.34308357953456964,57,25,82,9,False
2021-06-01,VEDL,0.009433962264150943,large,Metals & Mining,0.164072465338858,0.22153652030534451,23,7,30,7,True
2021-06-01,VISAKAIND,0.009433962264150943,small,Construction Materials,0.20592193808882908,0.48397652535795904,113,12,125,16,False
2021-06-01,WIPRO,0.009433962264150943,large,Information Technology,0.1837406086943216,0.09455463933157628,18,14,32,11,False
2022-06-01,ABBOTINDIA,0.00909090909090909,mid,Healthcare,0.3439919219118142,0.028953002406055448,6,56,62,24,False
2022-06-01,ADANIPORTS,0.00909090909090909,large,Services,0.07162752350817772,0.03275149171342036,53,37,90,50,False
2022-06-01,AMBIKCO,0.00909090909090909,small,Textiles,0.33379310344827584,0.25167577938539226,35,63,98,16,False
2022-06-01,AMBUJACEM,0.00909090909090909,large,Construction Materials,0.19581123456312183,0.069458102890715,19,22,41,14,False
2022-06-01,APARINDS,0.00909090909090909,mid,Capital Goods,0.23132530120481928,0.16074547796943223,22,10,32,9,False
2022-06-01,APLAPOLLO,0.00909090909090909,mid,Capital Goods,0.2748768472906404,0.033683134805243,11,51,62,23,False
2022-06-01,ASHOKA,0.00909090909090909,small,Construction,0.289274322169059,0.2477000040944691,60,67,127,25,False
2022-06-01,ASIANPAINT,0.00909090909090909,large,Consumer Durables,0.25899467463306924,0.015361282512647812,10,52,62,35,False
2022-06-01,BAJAJ-AUTO,0.00909090909090909,large,Automobile and Auto Components,0.16639983990394236,0.0717547292452072,24,19,43,18,False
2022-06-01,BALAXI,0.00909090909090909,small,Healthcare,0.43103448275862066,0.5839442594125326,19,14,33,5,True
2022-06-01,BANCOINDIA,0.00909090909090909,small,Automobile and Auto Components,0.2041932543299909,0.3779736039893819,178,26,204,42,False
2022-06-01,BDL,0.00909090909090909,mid,Capital Goods,0.2094705688918119,0.08748233059334863,33,18,51,16,True
2022-06-01,BEL,0.00909090909090909,large,Capital Goods,0.2385313665099692,0.1675606487943488,11,11,22,5,False
2022-06-01,BEPL,0.00909090909090909,small,Chemicals,0.4617737003058104,0.46010804303036373,10,21,31,4,False
2022-06-01,BERGEPAINT,0.00909090909090909,mid,Consumer Durables,0.22348178137651822,0.02299581006963376,27,64,91,50,False
2022-06-01,BHARTIARTL,0.00909090909090909,large,Telecommunication,0.10347031731518169,0.04571639428463326,43,32,75,42,False
2022-06-01,BLUESTARCO,0.00909090909090909,mid,Consumer Durables,0.16603053435114504,0.05052486512098721,41,29,70,34,False
2022-06-01,BOSCHLTD,0.00909090909090909,large,Automobile and Auto Components,0.10537574404761904,0.03281829145613031,42,36,78,45,False
2022-06-01,BPCL,0.00909090909090909,large,"Oil, Gas & Consumable Fuels",0.11768292682926829,0.19519615128863732,38,7,45,19,False
2022-06-01,BRITANNIA,0.00909090909090909,large,Fast Moving Consumer Goods,0.3968253968253968,0.02495768218011499,3,45,48,25,False
2022-06-01,COALINDIA,0.00909090909090909,large,"Oil, Gas & Consumable Fuels",0.4349279835390947,0.24879566529548366,2,4,6,1,False
2022-06-01,COFORGE,0.00909090909090909,mid,Information Technology,0.2714861929878995,0.17947384180962025,13,9,22,5,False
2022-06-01,COLPAL,0.00909090909090909,mid,Fast Moving Consumer Goods,0.764026402640264,0.034283442432992896,2,50,52,17,False
2022-06-01,COROMANDEL,0.00909090909090909,mid,Chemicals,0.2936472678809418,0.07230183811346631,8,19,27,8,False
2022-06-01,DCMNVL,0.00909090909090909,small,Textiles,0.34989200863930886,0.33216054457325184,33,35,68,10,False
2022-06-01,DGCONTENT,0.00909090909090909,small,"Media, Entertainment & Publication",0.5,0.33770183319538616,7,34,41,6,False
2022-06-01,DISHTV,0.00909090909090909,small,"Media, Entertainment & Publication",0.4459665144596651,0.20865514447304714,16,92,108,20,False
2022-06-01,DIVISLAB,0.00909090909090909,large,Healthcare,0.30455165359699965,0.03905765689725711,6,35,41,15,False
2022-06-01,DLF,0.00909090909090909,large,Realty,0.03931531176006314,0.024729692106903893,56,46,102,53,False
2022-06-01,DMART,0.00909090909090909,large,Consumer Services,0.13989528795811518,0.007964471197807972,34,55,89,49,False
2022-06-01,DRREDDY,0.00909090909090909,large,Healthcare,0.11519228216134886,0.17785322641396126,39,8,47,22,False
2022-06-01,EASEMYTRIP,0.00909090909090909,small,Consumer Services,0.46153846153846156,0.2344236044492163,11,76,87,14,False
2022-06-01,ECLERX,0.00909090909090909,small,Services,0.3229347198151358,0.23611910417186757,41,73,114,21,False
2022-06-01,EICHERMOT,0.00909090909090909,large,Automobile and Auto Components,0.13573450770682605,0.026826995717771678,35,43,78,46,False
2022-06-01,EIDPARRY,0.00909090909090909,small,Fast Moving Consumer Goods,0.3099468488990129,0.2046494161558153,52,96,148,31,False
2022-06-01,FACT,0.00909090909090909,mid,Chemicals,0.22769107643057224,0.05685295619674344,26,24,50,15,True
2022-06-01,FCL,0.00909090909090909,small,Chemicals,0.25757575757575757,0.370271024443353,90,27,117,22,False
2022-06-01,GAIL,0.00909090909090909,large,"Oil, Gas & Consumable Fuels",0.1737488067639438,0.4146418060889442,23,2,25,7,False
2022-06-01,GLENMARK,0.00909090909090909,mid,Healthcare,0.1410069737144609,0.1249010427965304,49,14,63,25,False
2022-06-01,GLOBAL,0.00909090909090909,small,Consumer Services,0.2826086956521739,0.7393958301691772,67,12,79,13,False
2022-06-01,GNFC,0.00909090909090909,small,Chemicals,0.2617945188336879,0.25942863254521425,89,59,148,30,False
2022-06-01,GODFRYPHLP,0.00909090909090909,mid,Fast Moving Consumer Goods,0.14946401225114855,1.5393866592917473,47,2,49,13,False
2022-06-01,GRASIM,0.00909090909090909,large,Construction Materials,0.1081472717241746,0.23211296428794492,41,6,47,21,False
2022-06-01,HAL,0.00909090909090909,large,Capital Goods,0.22229108563164962,0.15001846225006274,17,14,31,9,False
2022-06-01,HAVELLS,0.00909090909090909,mid,Consumer Durables,0.22873545852847862,0.020857309709259426,24,65,89,48,False
2022-06-01,HCC,0.00909090909090909,small,Construction,0.7726269315673289,0.2614072601770082,2,58,60,8,False
2022-06-01,HCLTECH,0.00909090909090909,large,Information Technology,0.2373822465095155,0.06997498630566722,12,21,33,11,False
2022-06-01,HEROMOTOCO,0.00909090909090909,large,Automobile and Auto Components,0.15597835997811682,0.06861062792444154,30,24,54,27,False
2022-06-01,HINDPETRO,0.00909090909090909,mid,"Oil, Gas & Consumable Fuels",0.06945340481858023,0.13162349693105901,69,13,82,45,False
2022-06-01,HINDUNILVR,0.00909090909090909,large,Fast Moving Consumer Goods,0.23483155037521955,0.023618547131224105,15,47,62,34,False
2022-06-01,HINDZINC,0.00909090909090909,large,Metals & Mining,0.3584646464646465,0.17100294731588472,4,9,13,4,False
2022-06-01,INDUSTOWER,0.00909090909090909,mid,Telecommunication,0.22866967547818612,0.1361765672800022,25,12,37,11,False
2022-06-01,INFY,0.00909090909090909,large,Information Technology,0.3466173413837474,0.052289834685348924,5,28,33,12,False
2022-06-01,IOC,0.00909090909090909,large,"Oil, Gas & Consumable Fuels",0.12905424488335748,0.24706952364629095,37,5,42,16,False
2022-06-01,ITC,0.00909090909090909,large,Fast Moving Consumer Goods,0.3012678414799458,0.07493083419957382,8,18,26,8,False
2022-06-01,JINDALSTEL,0.00909090909090909,mid,Metals & Mining,0.27402446719726425,0.26438030876386737,12,7,19,4,False
2022-06-01,JKCEMENT,0.00909090909090909,mid,Construction Materials,0.1387440758293839,0.05362306423314902,51,26,77,40,False
2022-06-01,JSL,0.00909090909090909,mid,Metals & Mining,0.3131597975415763,0.47059004313626634,7,4,11,2,False
2022-06-01,JSWSTEEL,0.00909090909090909,large,Metals & Mining,0.23731133630512993,0.16756721030641858,13,10,23,6,False
2022-06-01,KALYANKJIL,0.00909090909090909,mid,Consumer Durables,0.08665922411387106,0.060703591426092364,65,21,86,47,False
2022-06-01,KPRMILL,0.00909090909090909,mid,Textiles,0.2465690759377859,0.051420686360144734,19,28,47,12,False
2022-06-01,LAURUSLABS,0.00909090909090909,mid,Healthcare,0.22874414976599064,0.0372139804627229,23,41,64,26,False
2022-06-01,LIKHITHA,0.00909090909090909,small,Construction,0.3020833333333333,0.24349923943905485,56,71,127,26,False
2022-06-01,LODHA,0.00909090909090909,large,Realty,0.08929402309546973,0.06064237611239416,49,27,76,43,False
2022-06-01,LT,0.00909090909090909,large,Construction,0.10276265414879086,0.06923274040946227,44,23,67,37,False
2022-06-01,LTTS,0.00909090909090909,mid,Information Technology,0.25889200258676437,0.035483014247052844,16,45,61,22,False
2022-06-01,M&M,0.00909090909090909,large,Automobile and Auto Components,0.08959567695847731,0.06502639065131724,48,26,74,40,False
2022-06-01,MAITHANALL,0.00909090909090909,small,Metals & Mining,0.45427221983683985,0.5368607755297243,12,16,28,3,False
2022-06-01,MANALIPETC,0.00909090909090909,small,Chemicals,0.4852240228789323,0.3050239275695025,8,42,50,7,False
2022-06-01,MARICO,0.00909090909090909,mid,Fast Moving Consumer Goods,0.4029265743402143,0.024077197123622402,5,60,65,28,False
2022-06-01,MPHASIS,0.00909090909090909,mid,Information Technology,0.24457831325301205,0.04446054059430584,20,36,56,19,False
2022-06-01,NAHARSPING,0.00909090909090909,small,Textiles,0.28166858017604285,0.35105983460089146,68,31,99,17,False
2022-06-01,NATIONALUM,0.00909090909090909,mid,Metals & Mining,0.2912905779889153,0.26799327908571235,9,6,15,3,False
2022-06-01,NITINSPIN,0.00909090909090909,small,Textiles,0.3612531969309463,0.2966027232851086,28,45,73,12,False
2022-06-01,NMDC,0.00909090909090909,mid,Metals & Mining,0.6225653446361893,1.3776779562019426,3,3,6,1,False
2022-06-01,OIL,0.00909090909090909,mid,"Oil, Gas & Consumable Fuels",0.18349089524776346,2.0444149283982194,36,1,37,10,False
2022-06-01,PAGEIND,0.00909090909090909,mid,Textiles,0.6021684737281068,0.01547594693544635,4,69,73,37,True
2022-06-01,PANAMAPET,0.00909090909090909,small,"Oil, Gas & Consumable Fuels",0.3609022556390977,0.1802544011559959,29,126,155,33,False
2022-06-01,PERSISTENT,0.00909090909090909,mid,Information Technology,0.20070957932083122,0.05831634620040162,35,23,58,20,False
2022-06-01,PETRONET,0.00909090909090909,mid,"Oil, Gas & Consumable Fuels",0.26199801250949906,0.14863209457551282,14,11,25,6,False
2022-06-01,PGHH,0.00909090909090909,mid,Fast Moving Consumer Goods,1.1671309192200556,0.01960482300999819,1,66,67,32,True
2022-06-01,PIDILITIND,0.00909090909090909,large,Chemicals,0.23698489514591584,0.02966397952803599,14,39,53,26,False
2022-06-01,REDINGTON,0.00909090909090909,small,Services,0.2566893424036281,0.17803312329904694,94,129,223,48,False
2022-06-01,RELIANCE,0.00909090909090909,large,"Oil, Gas & Consumable Fuels",0.07172393580080154,0.10766159691554188,52,17,69,38,False
2022-06-01,RITES,0.00909090909090909,small,Construction,0.2635135135135135,0.28358459021256066,85,48,133,28,False
2022-06-01,ROLEXRINGS,0.00909090909090909,small,Automobile and Auto Components,0.2643229166666667,0.32058610786701575,84,39,123,23,False
2022-06-01,RVNL,0.00909090909090909,mid,Construction,0.08959827280437968,0.10133433397140354,64,15,79,42,False
2022-06-01,SHAHALLOYS,0.00909090909090909,small,Capital Goods,0.6091954022988506,0.4347530426355747,3,22,25,2,False
2022-06-01,SHIVAMILLS,0.00909090909090909,small,Textiles,0.20689655172413793,0.2645872849079382,171,57,228,51,False
2022-06-01,SHREECEM,0.00909090909090909,mid,Construction Materials,0.1308831036242981,0.03648463863949978,54,43,97,52,False
2022-06-01,SHYAMMETL,0.00909090909090909,small,Capital Goods,0.3651614926309188,0.32367631336316327,27,38,65,9,False
2022-06-01,SIL,0.00909090909090909,small,Realty,1.2035928143712575,3.142345488310306,1,3,4,1,False
2022-06-01,SMLT,0.00909090909090909,small,Capital Goods,0.36,0.2342652628105019,30,77,107,18,False
2022-06-01,SOLARINDS,0.00909090909090909,large,Chemicals,0.22805139186295503,0.026092423184169142,16,44,60,32,False
2022-06-01,SSWL,0.00909090909090909,small,Automobile and Auto Components,0.21734104046242775,0.3006358484598144,148,44,192,41,False
2022-06-01,SUPREMEIND,0.00909090909090909,mid,Capital Goods,0.2601542416452442,0.04476008335597246,15,34,49,14,False
2022-06-01,TATACOMM,0.00909090909090909,mid,Telecommunication,0.20119402985074628,0.06051118952121113,34,22,56,18,False
2022-06-01,TATASTEEL,0.00909090909090909,large,Metals & Mining,0.28625036183258334,0.7387351551105434,9,1,10,2,False
2022-06-01,TCS,0.00909090909090909,large,Information Technology,0.4997369968130202,0.04592897229078042,1,31,32,10,False
2022-06-01,TECHM,0.00909090909090909,large,Information Technology,0.22030164378918826,0.07038318254674943,18,20,38,13,False
2022-06-01,THEMISMED,0.00909090909090909,small,Healthcare,0.23705722070844687,0.8832062420775325,122,10,132,27,False
2022-06-01,THYROCARE,0.00909090909090909,small,Healthcare,0.3692870201096892,0.22383104132860043,26,82,108,19,False
2022-06-01,TIINDIA,0.00909090909090909,mid,Automobile and Auto Components,0.2798072044647387,0.03518826988899744,10,48,58,21,True
2022-06-01,TITAN,0.00909090909090909,large,Consumer Durables,0.1776450717818796,0.014804659231679633,21,53,74,41,False
2022-06-01,TNPETRO,0.00909090909090909,small,Chemicals,0.27860696517412936,0.2657972890907116,69,56,125,24,False
2022-06-01,TORNTPHARM,0.00909090909090909,large,Healthcare,0.1765116743165037,0.06675471024596753,22,25,47,24,False
2022-06-01,ULTRACEMCO,0.00909090909090909,large,Construction Materials,0.14253085819807562,0.051683302750944765,33,29,62,33,False
2022-06-01,VBL,0.00909090909090909,large,Fast Moving Consumer Goods,0.15577283686043397,0.11976025253112589,31,16,47,23,False
2022-06-01,VEDL,0.00909090909090909,large,Metals & Mining,0.3020106585074727,0.33841665169431756,7,3,10,3,True
2022-06-01,WIPRO,0.00909090909090909,large,Information Technology,0.1639356113547641,0.12347259005421458,27,15,42,17,False
2023-06-01,3MINDIA,0.008928571428571428,mid,Diversified,0.3204225352112676,0.019394134121572926,10,66,76,40,False
2023-06-01,ABBOTINDIA,0.008928571428571428,mid,Healthcare,0.34403391883706846,0.026343484909300916,8,54,62,26,False
2023-06-01,ADVANIHOTR,0.008928571428571428,small,Consumer Services,0.5538461538461539,0.22900225738323968,6,66,72,10,False
2023-06-01,ALLCARGO,0.008928571428571428,small,Services,0.21582373560340512,0.38066685106955234,143,24,167,23,False
2023-06-01,AMBUJACEM,0.008928571428571428,large,Construction Materials,0.10791433891992551,0.04135770591408981,43,30,73,41,False
2023-06-01,APARINDS,0.008928571428571428,mid,Capital Goods,0.4450822809031764,0.11086432621060972,4,8,12,1,False
2023-06-01,ASHOKA,0.008928571428571428,small,Construction,0.22658315935977733,0.21337246803592516,120,79,199,31,False
2023-06-01,ASIANPAINT,0.008928571428571428,large,Consumer Durables,0.3013668061366806,0.0181899540670978,8,53,61,31,False
2023-06-01,BAJAJ-AUTO,0.008928571428571428,large,Automobile and Auto Components,0.20956418517890452,0.06465477314585141,16,18,34,12,False
2023-06-01,BALAXI,0.008928571428571428,small,Healthcare,0.27918781725888325,0.45365313289666376,66,19,85,14,True
2023-06-01,BANCOINDIA,0.008928571428571428,small,Automobile and Auto Components,0.21830985915492956,0.2337713495335932,139,63,202,33,False
2023-06-01,BCG,0.008928571428571428,small,Information Technology,0.2723896586201971,0.5626531544032034,72,12,84,12,False
2023-06-01,BEL,0.008928571428571428,large,Capital Goods,0.2629462041226747,0.045962058561040464,10,28,38,15,False
2023-06-01,BERGEPAINT,0.008928571428571428,mid,Consumer Durables,0.21361956713003696,0.02315960411023468,28,63,91,44,False
2023-06-01,BHARTIARTL,0.008928571428571428,large,Telecommunication,0.11476927232420787,0.05299874873722775,39,26,65,32,False
2023-06-01,BLUESTARCO,0.008928571428571428,mid,Consumer Durables,0.20833333333333334,0.0566907845572352,31,21,52,20,False
2023-06-01,BOSCHLTD,0.008928571428571428,large,Automobile and Auto Components,0.12877554711521072,0.03005039300942582,34,40,74,43,False
2023-06-01,BPCL,0.008928571428571428,large,"Oil, Gas & Consumable Fuels",0.036859834985109606,0.0596372846281441,59,22,81,47,False
2023-06-01,BRITANNIA,0.008928571428571428,large,Fast Moving Consumer Goods,0.39880587875076545,0.024417932853136384,4,44,48,19,False
2023-06-01,CHEMFAB,0.008928571428571428,small,Chemicals,0.24175824175824176,0.2193388590656599,97,74,171,24,False
2023-06-01,CHENNPETRO,0.008928571428571428,small,"Oil, Gas & Consumable Fuels",0.47745481647102667,0.5681006234387943,15,11,26,3,False
2023-06-01,CIPLA,0.008928571428571428,large,Healthcare,0.1592251455949775,0.05330589851819678,26,25,51,21,False
2023-06-01,COALINDIA,0.008928571428571428,large,"Oil, Gas & Consumable Fuels",0.5738331236382607,0.33943113284370463,2,2,4,1,False
2023-06-01,COFORGE,0.008928571428571428,mid,Information Technology,0.28093278463648835,0.1725165076678411,12,4,16,2,False
2023-06-01,COLPAL,0.008928571428571428,mid,Fast Moving Consumer Goods,0.7686274509803922,0.03328823911295317,2,42,44,11,False
2023-06-01,CONCOR,0.008928571428571428,mid,Services,0.10787172011661808,0.03404223517800938,54,41,95,51,False
2023-06-01,COROMANDEL,0.008928571428571428,mid,Chemicals,0.3276713648957957,0.09951566023275271,9,11,20,3,False
2023-06-01,CYBERMEDIA,0.008928571428571428,small,"Media, Entertainment & Publication",1.0,0.14031448404680444,2,173,175,25,True
2023-06-01,DIXON,0.008928571428571428,mid,Consumer Durables,0.23245109321058688,0.017074517364323787,21,73,94,49,True
2023-06-01,DMART,0.008928571428571428,large,Consumer Services,0.17940437746681018,0.013158973993426465,25,56,81,48,False
2023-06-01,DRREDDY,0.008928571428571428,large,Healthcare,0.21191085129704054,0.47029911562368526,15,1,16,3,False
2023-06-01,ECLERX,0.008928571428571428,small,Services,0.31901519119958094,0.15801407099070483,39,142,181,27,False
2023-06-01,EICHERMOT,0.008928571428571428,large,Automobile and Auto Components,0.19111198376857125,0.034290536715455414,21,37,58,26,False
2023-06-01,EIDPARRY,0.008928571428571428,small,Fast Moving Consumer Goods,0.36094520903661387,0.28989077492966586,28,46,74,11,False
2023-06-01,FACT,0.008928571428571428,mid,Chemicals,0.23274478330658105,0.03418275618926361,20,40,60,25,True
2023-06-01,FCL,0.008928571428571428,small,Chemicals,0.3061797752808989,0.4500931074316084,47,20,67,8,False
2023-06-01,FLUOROCHEM,0.008928571428571428,mid,Chemicals,0.24573621375781693,0.04520853046753371,18,29,47,14,False
2023-06-01,FOCUS,0.008928571428571428,small,Consumer Durables,0.3010752688172043,0.2660020145520065,52,53,105,18,False
2023-06-01,GAIL,0.008928571428571428,large,"Oil, Gas & Consumable Fuels",0.057986778337744585,0.07633585625351498,56,14,70,36,False
2023-06-01,GHCL,0.008928571428571428,small,Chemicals,0.3280558789289872,0.33813284859003223,35,32,67,9,False
2023-06-01,GLAXO,0.008928571428571428,mid,Healthcare,0.42003414911781445,0.036303123031775415,6,37,43,10,False
2023-06-01,GLOBAL,0.008928571428571428,small,Consumer Services,0.4307692307692308,0.2134212805552706,16,78,94,17,False
2023-06-01,GODFRYPHLP,0.008928571428571428,mid,Fast Moving Consumer Goods,0.16653856008198822,1.3425972006920952,40,2,42,9,False
2023-06-01,GRASIM,0.008928571428571428,large,Construction Materials,0.09372266628525533,0.15840046205573768,46,3,49,20,False
2023-06-01,HAL,0.008928571428571428,large,Capital Goods,0.2074585167626143,0.10137075688582053,18,9,27,8,False
2023-06-01,HCLTECH,0.008928571428571428,large,Information Technology,0.2632943489223493,0.06805410506880155,9,17,26,7,False
2023-06-01,HEROMOTOCO,0.008928571428571428,large,Automobile and Auto Components,0.19752656331649537,0.08587152098942161,20,13,33,11,False
2023-06-01,HINDALCO,0.008928571428571428,large,Metals & Mining,0.10045326473110376,0.11573997327143987,45,8,53,23,False
2023-06-01,HINDUNILVR,0.008928571428571428,large,Fast Moving Consumer Goods,0.25250858839741475,0.021966312033632543,11,46,57,25,False
2023-06-01,HINDZINC,0.008928571428571428,large,Metals & Mining,0.5743360335308104,0.12391448851789041,1,6,7,2,False
2023-06-01,INDHOTEL,0.008928571428571428,large,Consumer Services,0.12489884003237119,0.02448588551152502,35,42,77,46,False
2023-06-01,INDUSTOWER,0.008928571428571428,mid,Telecommunication,0.1078324316275376,0.07207837817246968,55,14,69,31,False
2023-06-01,INFY,0.008928571428571428,large,Information Technology,0.3692088978089982,0.06452808440922678,5,19,24,6,False
2023-06-01,IOC,0.008928571428571428,large,"Oil, Gas & Consumable Fuels",0.06062411455609168,0.08665149966291413,55,12,67,33,False
2023-06-01,IRCTC,0.008928571428571428,mid,Consumer Services,0.47678501755754976,0.024297264957716367,3,60,63,27,False
2023-06-01,ITC,0.008928571428571428,large,Fast Moving Consumer Goods,0.344005988972229,0.05431343891072687,6,24,30,9,False
2023-06-01,JINDALSTEL,0.008928571428571428,mid,Metals & Mining,0.14010781983653123,0.11377050903820024,45,7,52,19,False
2023-06-01,JKPAPER,0.008928571428571428,small,Forest Materials,0.25303495685242067,0.24193898141098172,90,61,151,20,False
2023-06-01,JSL,0.008928571428571428,mid,Metals & Mining,0.18012461451318523,0.10643067338127371,38,10,48,15,False
2023-06-01,KALYANKJIL,0.008928571428571428,mid,Consumer Durables,0.11601513240857503,0.05975061093943375,52,19,71,36,False
2023-06-01,KAMDHENU,0.008928571428571428,small,Capital Goods,0.3235294117647059,0.7570099057641441,37,6,43,5,False
2023-06-01,KPRMILL,0.008928571428571428,mid,Textiles,0.2176063303659743,0.0536044181877045,27,23,50,17,False
2023-06-01,KUANTUM,0.008928571428571428,small,Forest Materials,0.22650439486139284,0.19592737907230068,121,89,210,38,False
2023-06-01,LAURUSLABS,0.008928571428571428,mid,Healthcare,0.209517514871117,0.06278641955458651,30,17,47,13,False
2023-06-01,LODHA,0.008928571428571428,large,Realty,0.09073332412650187,0.0555460635744657,47,23,70,37,False
2023-06-01,LT,0.008928571428571428,large,Construction,0.11269805740628736,0.06318155623486267,41,20,61,28,False
2023-06-01,LTTS,0.008928571428571428,mid,Information Technology,0.27358490566037735,0.039447316035731,13,33,46,12,False
2023-06-01,M&M,0.008928571428571428,large,Automobile and Auto Components,0.10715843584116821,0.07407747051201861,44,15,59,27,False
2023-06-01,MAANALU,0.008928571428571428,small,Metals & Mining,0.3582887700534759,0.5380840320129602,29,14,43,6,False
2023-06-01,MARICO,0.008928571428571428,mid,Fast Moving Consumer Goods,0.3755389153619242,0.02408524214430347,7,62,69,32,False
2023-06-01,MAZDOCK,0.008928571428571428,large,Capital Goods,0.15208726662471156,0.09789204437382479,28,10,38,14,False
2023-06-01,MOTHERSON,0.008928571428571428,large,Automobile and Auto Components,0.08354486259794724,0.07147747365774529,51,16,67,34,False
2023-06-01,MPHASIS,0.008928571428571428,mid,Information Technology,0.25931390630763557,0.06475123975440544,15,15,30,6,False
2023-06-01,NATIONALUM,0.008928571428571428,mid,Metals & Mining,0.1227420451968861,0.12384418202696386,51,6,57,21,False
2023-06-01,NH,0.008928571428571428,mid,Healthcare,0.25771144278606967,0.04078395790482161,16,32,48,16,False
2023-06-01,NMDC,0.008928571428571428,mid,Metals & Mining,0.2310396379651703,0.5534276205868945,23,3,26,5,False
2023-06-01,OBEROIRLTY,0.008928571428571428,mid,Realty,0.12825750541627978,0.056349539504082835,48,22,70,33,False
2023-06-01,OIL,0.008928571428571428,mid,"Oil, Gas & Consumable Fuels",0.23219862858339294,1.7750507283391144,22,1,23,4,False
2023-06-01,PAGEIND,0.008928571428571428,mid,Textiles,0.4415073115860517,0.018752247949867816,5,68,73,38,True
2023-06-01,PANAMAPET,0.008928571428571428,small,"Oil, Gas & Consumable Fuels",0.3147953830010493,0.188403517836928,41,101,142,19,False
2023-06-01,PERSISTENT,0.008928571428571428,mid,Information Technology,0.26991341991341994,0.06411400873689205,14,16,30,7,False
2023-06-01,PETRONET,0.008928571428571428,mid,"Oil, Gas & Consumable Fuels",0.21977431488447072,0.1297488176241638,26,5,31,8,False
2023-06-01,PGHH,0.008928571428571428,mid,Fast Moving Consumer Goods,1.0484522207267832,0.018674568006051846,1,69,70,35,True
2023-06-01,PHOENIXLTD,0.008928571428571428,mid,Realty,0.10214415697444418,0.0794778386838392,60,13,73,37,False
2023-06-01,PIDILITIND,0.008928571428571428,large,Chemicals,0.22570038142838353,0.026225609154682784,14,41,55,24,False
2023-06-01,POLYCAB,0.008928571428571428,large,Capital Goods,0.2395192025798886,0.03261442131494005,13,39,52,22,False
2023-06-01,PRESTIGE,0.008928571428571428,mid,Realty,0.07429749935550399,0.05175969993515862,70,24,94,45,False
2023-06-01,PVP,0.008928571428571428,small,Realty,0.47761194029850745,0.3211242510012117,14,34,48,7,False
2023-06-01,RITES,0.008928571428571428,small,Construction,0.26513409961685824,0.17177981784090232,78,126,204,34,False
2023-06-01,ROLEXRINGS,0.008928571428571428,small,Automobile and Auto Components,0.28398058252427183,0.3815543881583413,63,23,86,15,False
2023-06-01,RUCHIRA,0.008928571428571428,small,Forest Materials,0.22274881516587677,0.2711402982612612,127,52,179,26,False
2023-06-01,SBGLP,0.008928571428571428,small,Realty,0.6976744186046512,0.43018633284083757,3,21,24,2,False
2023-06-01,SESHAPAPER,0.008928571428571428,small,Forest Materials,0.2988997555012225,0.3325240000353618,53,33,86,16,False
2023-06-01,SHREYANIND,0.008928571428571428,small,Forest Materials,0.27325581395348836,0.5382946462857536,71,13,84,13,False
2023-06-01,SMLT,0.008928571428571428,small,Capital Goods,0.3619047619047619,0.16828200453495426,27,132,159,21,False
2023-06-01,SOLARINDS,0.008928571428571428,large,Chemicals,0.3174770039421813,0.03447686899703564,7,36,43,17,False
2023-06-01,SOTL,0.008928571428571428,small,"Oil, Gas & Consumable Fuels",0.21739130434782608,0.20729176264593668,140,83,223,40,False
2023-06-01,STEELCAS,0.008928571428571428,small,Capital Goods,0.401673640167364,0.4704694542536509,19,17,36,4,False
2023-06-01,SUNPHARMA,0.008928571428571428,large,Healthcare,0.14505176444394968,0.04111088713090272,30,31,61,29,False
2023-06-01,SURYAROSNI,0.008928571428571428,small,Capital Goods,0.21876370013152127,0.3545715302829446,136,29,165,22,False
2023-06-01,TATACOMM,0.008928571428571428,mid,Telecommunication,0.20366518078256562,0.04789795782554592,32,28,60,24,False
2023-06-01,TATASTEEL,0.008928571428571428,large,Metals & Mining,0.1221705013964623,0.11827120997723989,37,7,44,18,False
2023-06-01,TCS,0.008928571428571428,large,Information Technology,0.5528069960861057,0.05077854927371714,3,27,30,10,False
2023-06-01,TIINDIA,0.008928571428571428,mid,Automobile and Auto Components,0.3179388496899722,0.02678537764062971,11,53,64,28,True
2023-06-01,TITAN,0.008928571428571428,large,Consumer Durables,0.20930342162315016,0.017438707486136174,17,54,71,38,False
2023-06-01,ULTRACEMCO,0.008928571428571428,large,Construction Materials,0.11825884800097887,0.03488247059675,38,35,73,42,False
2023-06-01,UPL,0.008928571428571428,mid,Chemicals,0.1505797586471642,0.10711718660109505,42,9,51,18,False
2023-06-01,VBL,0.008928571428571428,large,Fast Moving Consumer Goods,0.24994435789005118,0.08765733477229222,12,11,23,5,False
2023-06-01,VEDL,0.008928571428571428,large,Metals & Mining,0.19937871601309373,0.1580392868634476,19,4,23,4,True
2023-06-01,WIPRO,0.008928571428571428,large,Information Technology,0.14189309927997057,0.1541208014073339,31,5,36,13,False
2023-06-01,WSTCSTPAPR,0.008928571428571428,small,Forest Materials,0.5184921763869133,0.6420603862677271,9,8,17,1,False
2023-06-01,ZYDUSLIFE,0.008928571428571428,mid,Healthcare,0.1676553898776121,0.06226807488645489,39,18,57,22,False
2024-06-01,3MINDIA,0.009523809523809525,mid,Diversified,0.3260969976905312,0.019422016225288916,10,58,68,32,False
2024-06-01,ABBOTINDIA,0.009523809523809525,mid,Healthcare,0.3654151242728715,0.026403427244362433,8,39,47,13,False
2024-06-01,ADANIPORTS,0.009523809523809525,large,Services,0.11443744620921681,0.033276574881078325,49,32,81,44,False
2024-06-01,APARINDS,0.009523809523809525,mid,Capital Goods,0.3336397058823529,0.04559035191074738,9,20,29,4,False
2024-06-01,ASHOKA,0.009523809523809525,small,Construction,0.2435145352626776,0.1781583147309549,91,41,132,17,False
2024-06-01,ASHOKLEY,0.009523809523809525,mid,Capital Goods,0.13911699158752786,0.09934487723011637,51,7,58,22,False
2024-06-01,ASIANPAINT,0.009523809523809525,large,Consumer Durables,0.31750224024902135,0.02523801119258704,7,40,47,18,False
2024-06-01,BAJAJ-AUTO,0.009523809523809525,large,Automobile and Auto Components,0.27207358942799764,0.03892769720423136,13,27,40,13,False
2024-06-01,BANCOINDIA,0.009523809523809525,small,Automobile and Auto Components,0.23880597014925373,0.1447699858717253,103,68,171,25,False
2024-06-01,BBTC,0.009523809523809525,small,Fast Moving Consumer Goods,0.37614138438880707,0.32226193443722584,21,17,38,3,False
2024-06-01,BERGEPAINT,0.009523809523809525,mid,Consumer Durables,0.24951076320939333,0.028850603017709017,15,34,49,15,False
2024-06-01,BHARTIARTL,0.009523809523809525,large,Telecommunication,0.1288762848147414,0.03909354674578902,43,26,69,38,False
2024-06-01,BPCL,0.009523809523809525,large,"Oil, Gas & Consumable Fuels",0.2864920066956402,0.4206579804151034,10,1,11,2,False
2024-06-01,BRITANNIA,0.009523809523809525,large,Fast Moving Consumer Goods,0.47727651073747296,0.024117753753152754,3,42,45,15,False
2024-06-01,CHENNPETRO,0.009523809523809525,small,"Oil, Gas & Consumable Fuels",0.33341948823985523,0.26034125890412374,31,24,55,6,False
2024-06-01,CIPLA,0.009523809523809525,large,Healthcare,0.19218073791535245,0.048177083187401645,27,20,47,17,False
2024-06-01,COALINDIA,0.009523809523809525,large,"Oil, Gas & Consumable Fuels",0.46201248137317513,0.15794105846429837,4,4,8,1,False
2024-06-01,COFORGE,0.009523809523809525,mid,Information Technology,0.2641856191132552,0.1593603966714807,12,5,17,1,False
2024-06-01,COLPAL,0.009523809523809525,mid,Fast Moving Consumer Goods,0.8880328710837185,0.024900891351942577,1,43,44,12,False
2024-06-01,COROMANDEL,0.009523809523809525,mid,Chemicals,0.2170096852300242,0.057306573598301394,25,13,38,7,False
2024-06-01,CYBERMEDIA,0.009523809523809525,small,"Media, Entertainment & Publication",0.8333333333333334,0.11230164532166695,2,114,116,15,True
2024-06-01,DRREDDY,0.009523809523809525,large,Healthcare,0.2136034636613015,0.4037455245230476,23,2,25,7,False
2024-06-01,ECLERX,0.009523809523809525,small,Services,0.2586549940310386,0.12635163003734273,74,86,160,22,False
2024-06-01,EICHERMOT,0.009523809523809525,large,Automobile and Auto Components,0.20205794746818304,0.033247797791588915,26,33,59,29,False
2024-06-01,ELECTHERM,0.009523809523809525,small,Capital Goods,0.37613751263902934,0.1373145711060196,22,74,96,11,False
2024-06-01,FCL,0.009523809523809525,small,Chemicals,0.3141592920353982,0.5674073042614454,36,7,43,5,False
2024-06-01,GAIL,0.009523809523809525,large,"Oil, Gas & Consumable Fuels",0.10772236337318176,0.08557709231210513,51,9,60,31,False
2024-06-01,GARFIBRES,0.009523809523809525,small,Textiles,0.1812822402358143,0.31071922077204145,228,19,247,43,False
2024-06-01,GHCL,0.009523809523809525,small,Chemicals,0.23553459119496856,0.174142569211703,109,47,156,21,False
2024-06-01,GLAXO,0.009523809523809525,mid,Healthcare,0.46688925987757374,0.02001972011302273,4,56,60,24,False
2024-06-01,GLOBAL,0.009523809523809525,small,Consumer Services,0.449438202247191,0.3130054266861282,11,18,29,1,False
2024-06-01,GODFRYPHLP,0.009523809523809525,mid,Fast Moving Consumer Goods,0.17369455975529824,0.20951326964409253,37,4,41,9,False
2024-06-01,GPTINFRA,0.009523809523809525,small,Construction,0.2101010101010101,0.12816498134897955,156,82,238,38,False
2024-06-01,GRASIM,0.009523809523809525,large,Construction Materials,0.09828747558755929,0.13587876877106211,53,6,59,27,False
2024-06-01,HAL,0.009523809523809525,large,Capital Goods,0.2859051665067836,0.02578869289781216,11,38,49,22,False
2024-06-01,HCLTECH,0.009523809523809525,large,Information Technology,0.27053864548291656,0.061231931545851714,14,13,27,8,False
2024-06-01,HEROMOTOCO,0.009523809523809525,large,Automobile and Auto Components,0.24461925051895553,0.05444589861397062,19,17,36,12,False
2024-06-01,HINDPETRO,0.009523809523809525,mid,"Oil, Gas & Consumable Fuels",0.1701670686407408,0.23233103185239629,40,3,43,11,False
2024-06-01,HINDZINC,0.009523809523809525,large,Metals & Mining,0.4268093824476314,0.038102983997094796,5,29,34,11,False
2024-06-01,INDHOTEL,0.009523809523809525,large,Consumer Services,0.1399278215223097,0.021595647570554752,37,46,83,47,False
2024-06-01,INDIGO,0.009523809523809525,large,Services,0.18638786695697876,0.050624476530985944,30,18,48,19,True
2024-06-01,INDSWFTLAB,0.009523809523809525,small,Healthcare,0.20991561181434598,0.379949686523863,158,14,172,26,True
2024-06-01,INDUSTOWER,0.009523809523809525,mid,Telecommunication,0.17862097960899725,0.07660694805779926,34,8,42,10,False
2024-06-01,INFY,0.009523809523809525,large,Information Technology,0.3290697071780254,0.05974624702677423,6,14,20,3,False
2024-06-01,IOC,0.009523809523809525,large,"Oil, Gas & Consumable Fuels",0.1891635341914417,0.22002304003787074,28,3,31,9,False
2024-06-01,IRCTC,0.009523809523809525,mid,Consumer Services,0.42826747720364744,0.017705613471522833,7,65,72,38,False
2024-06-01,ITC,0.009523809523809525,large,Fast Moving Consumer Goods,0.31640155059484026,0.05464499565875657,8,16,24,6,False
2024-06-01,JAIBALAJI,0.009523809523809525,small,Metals & Mining,0.4266194331983806,0.2434082128295771,14,26,40,4,False
2024-06-01,JINDALSTEL,0.009523809523809525,mid,Metals & Mining,0.12140554056721721,0.06244718273895044,59,10,69,33,False
2024-06-01,JKCEMENT,0.009523809523809525,mid,Construction Materials,0.13719205055408004,0.04308113839224008,52,21,73,39,False
2024-06-01,JSL,0.009523809523809525,mid,Metals & Mining,0.17795198432141107,0.05232234871282565,36,16,52,20,False
2024-06-01,JSWSTEEL,0.009523809523809525,large,Metals & Mining,0.12064375531985536,0.06843053945067133,46,11,57,24,False
2024-06-01,KAMDHENU,0.009523809523809525,small,Capital Goods,0.225,1.0029962628879903,127,4,131,16,False
2024-06-01,KOTHARIPET,0.009523809523809525,small,Chemicals,0.3562753036437247,0.1341047045627969,27,75,102,13,False
2024-06-01,KPRMILL,0.009523809523809525,mid,Textiles,0.1899583106760921,0.03866712443318467,33,22,55,21,False
2024-06-01,KSOLVES,0.009523809523809525,small,Information Technology,1.9166666666666667,0.0786005944930217,1,242,243,41,True
2024-06-01,KUANTUM,0.009523809523809525,small,Forest Materials,0.18509468540012217,0.1740925926623906,219,48,267,47,False
2024-06-01,LLOYDSME,0.009523809523809525,mid,Metals & Mining,0.5907172995780591,0.04901589327849238,3,18,21,3,False
2024-06-01,LT,0.009523809523809525,large,Construction,0.12372151311667103,0.04463864857112984,45,22,67,37,False
2024-06-01,LTTS,0.009523809523809525,mid,Information Technology,0.2751419979953224,0.036553452295659,11,24,35,6,False
2024-06-01,M&M,0.009523809523809525,large,Automobile and Auto Components,0.11535249774076574,0.05476565789897304,48,15,63,34,False
2024-06-01,MAZDOCK,0.009523809523809525,large,Capital Goods,0.21348494554772582,0.043189529177288674,24,24,48,20,False
2024-06-01,MODTHREAD,0.009523809523809525,small,Textiles,0.19696969696969696,0.1412500586731013,186,70,256,45,False
2024-06-01,MOTHERSON,0.009523809523809525,large,Automobile and Auto Components,0.11962584369642121,0.06831464204343286,47,12,59,28,False
2024-06-01,MPHASIS,0.009523809523809525,mid,Information Technology,0.1946217837105823,0.051804787909401406,31,17,48,14,False
2024-06-01,MRF,0.009523809523809525,mid,Automobile and Auto Components,0.14556443351772178,0.05424843258339059,47,15,62,26,False
2024-06-01,MRPL,0.009523809523809525,small,"Oil, Gas & Consumable Fuels",0.25413939160569887,0.1399420275944361,78,71,149,20,False
2024-06-01,NATIONALUM,0.009523809523809525,mid,Metals & Mining,0.1416045291355979,0.06457575097928825,50,9,59,23,False
2024-06-01,NESTLEIND,0.009523809523809525,large,Fast Moving Consumer Goods,1.4314789687924017,0.04769738332187241,1,21,22,5,False
2024-06-01,NH,0.009523809523809525,mid,Healthcare,0.20554323725055432,0.03745476313153798,28,23,51,18,False
2024-06-01,NMDC,0.009523809523809525,mid,Metals & Mining,0.23929002240220576,0.2696049495587726,18,2,20,2,False
2024-06-01,OBEROIRLTY,0.009523809523809525,mid,Realty,0.14577723378212976,0.03548951698602963,46,26,72,36,False
2024-06-01,OIL,0.009523809523809525,mid,"Oil, Gas & Consumable Fuels",0.14334070185134015,0.31417711671764825,49,1,50,16,False
2024-06-01,PAGEIND,0.009523809523809525,mid,Textiles,0.43153759820426485,0.019858263884376077,5,57,62,28,True
2024-06-01,PDMJEPAPER,0.009523809523809525,small,Forest Materials,0.23883495145631067,0.17623932474948736,102,45,147,19,False
2024-06-01,PERSISTENT,0.009523809523809525,mid,Information Technology,0.25277366863905326,0.026673851610627047,13,38,51,19,False
2024-06-01,PETRONET,0.009523809523809525,mid,"Oil, Gas & Consumable Fuels",0.21706337545303164,0.10129835635450422,24,6,30,5,False
2024-06-01,PHOENIXLTD,0.009523809523809525,mid,Realty,0.1356316946868128,0.06227859083769688,53,11,64,29,False
2024-06-01,PIDILITIND,0.009523809523809525,large,Chemicals,0.2692832764505119,0.032767259471127776,15,34,49,21,False
2024-06-01,PIIND,0.009523809523809525,mid,Chemicals,0.19300605245460659,0.03316062293741008,32,29,61,25,False
2024-06-01,PREMIERPOL,0.009523809523809525,small,Capital Goods,0.27184466019417475,0.3399195901918936,67,16,83,8,False
2024-06-01,RADIANTCMS,0.009523809523809525,small,Services,0.26223776223776224,0.09381706282718984,70,167,237,37,False
2024-06-01,ROLEXRINGS,0.009523809523809525,small,Automobile and Auto Components,0.25,0.4160530093592988,84,10,94,10,False
2024-06-01,SATIA,0.009523809523809525,small,Forest Materials,0.21422861710631494,0.18712648798051526,147,38,185,29,False
2024-06-01,SHAKTIPUMP,0.009523809523809525,small,Capital Goods,0.24523809523809523,0.22607116238377034,88,27,115,14,False
2024-06-01,SHREYANIND,0.009523809523809525,small,Forest Materials,0.2014388489208633,0.7709102451790075,178,5,183,27,False
2024-06-01,SOLARINDS,0.009523809523809525,large,Chemicals,0.3013729462075174,0.015679476121279817,9,56,65,36,False
2024-06-01,STEELCAS,0.009523809523809525,small,Capital Goods,0.36666666666666664,0.41979772810733584,24,9,33,2,False
2024-06-01,SURAJEST,0.009523809523809525,small,Realty,0.2392894461859979,0.10715440455800067,100,124,224,34,False
2024-06-01,TATACOMM,0.009523809523809525,mid,Telecommunication,0.13487623572687563,0.02998527623883638,54,33,87,46,False
2024-06-01,TCS,0.009523809523809525,large,Information Technology,0.6020810070043651,0.049124462269891096,2,19,21,4,False
2024-06-01,TIINDIA,0.009523809523809525,mid,Automobile and Auto Components,0.25083388925950634,0.021821971467118007,14,52,66,30,True
2024-06-01,TITAN,0.009523809523809525,large,Consumer Durables,0.18891697764937201,0.01579722556862531,29,55,84,48,False
2024-06-01,TORNTPHARM,0.009523809523809525,large,Healthcare,0.23533737819452105,0.027457246932087273,21,37,58,26,False
2024-06-01,TRENT,0.009523809523809525,large,Consumer Services,0.22332932485827178,0.008020911968936553,22,60,82,45,False
2024-06-01,UGARSUGAR,0.009523809523809525,small,Fast Moving Consumer Goods,0.3064516129032258,0.15834311788144728,39,58,97,12,False
2024-06-01,ULTRACEMCO,0.009523809523809525,large,Construction Materials,0.1372888454558146,0.03514764058205285,40,30,70,40,False
2024-06-01,UNIVASTU,0.009523809523809525,small,Construction,0.22093023255813954,0.171970973358547,136,50,186,30,False
2024-06-01,VBL,0.009523809523809525,large,Fast Moving Consumer Goods,0.24547218628719275,0.038404287491207896,18,28,46,16,False
2024-06-01,VEDL,0.009523809523809525,large,Metals & Mining,0.20762826358631406,0.11120727664361996,25,7,32,10,True
2024-06-01,VSTIND,0.009523809523809525,small,Fast Moving Consumer Goods,0.2515974440894569,5.460761159286356,81,2,83,7,False
2024-06-01,WANBURY,0.009523809523809525,small,Healthcare,0.4166666666666667,0.09919153526001774,16,154,170,24,False
2024-06-01,WIPRO,0.009523809523809525,large,Information Technology,0.14665157475988483,0.14971483328775723,36,5,41,14,False
2024-06-01,WSTCSTPAPR,0.009523809523809525,small,Forest Materials,0.2586696986924389,0.3834664680113722,73,13,86,9,False
2024-06-01,ZYDUSLIFE,0.009523809523809525,mid,Healthcare,0.2239131488392381,0.04676073340501913,21,19,40,8,False
2025-06-01,3MINDIA,0.00909090909090909,mid,Diversified,0.3260969976905312,0.022078498995988762,10,56,66,27,False
2025-06-01,ABBOTINDIA,0.00909090909090909,mid,Healthcare,0.36636568848758466,0.025941675805575277,8,44,52,12,False
2025-06-01,ADANIPORTS,0.00909090909090909,large,Services,0.12329440688383528,0.039703032741694295,45,26,71,41,False
2025-06-01,AGIIL,0.00909090909090909,small,Realty,0.1736111111111111,0.13590534323562722,228,51,279,34,False
2025-06-01,APARINDS,0.00909090909090909,mid,Capital Goods,0.2886618196109255,0.044827428413760216,11,18,29,5,False
2025-06-01,ARIES,0.00909090909090909,small,Chemicals,0.17455621301775148,0.15727478073496642,223,39,262,31,False
2025-06-01,ARROWGREEN,0.00909090909090909,small,Capital Goods,0.43386243386243384,0.08995812557928153,18,147,165,15,False
2025-06-01,ASHOKA,0.00909090909090909,small,Construction,0.445536168050144,0.3309956454451472,16,12,28,3,False
2025-06-01,ASIANPAINT,0.00909090909090909,large,Consumer Durables,0.22959889349930843,0.023704528856188293,22,44,66,34,False
2025-06-01,BAJAJ-AUTO,0.00909090909090909,large,Automobile and Auto Components,0.2051713689313851,0.04318747020872676,23,24,47,16,False
2025-06-01,BBTC,0.00909090909090909,small,Fast Moving Consumer Goods,0.3898987095879006,0.27376611859846806,21,15,36,4,False
2025-06-01,BERGEPAINT,0.00909090909090909,mid,Consumer Durables,0.22007326007326009,0.022945438634983738,22,53,75,38,False
2025-06-01,BHARTIARTL,0.00909090909090909,large,Telecommunication,0.12064867375058812,0.030434013750808668,46,34,80,47,False
2025-06-01,BLUESTARCO,0.00909090909090909,mid,Consumer Durables,0.2179338363319791,0.024107802575986763,23,50,73,33,False
2025-06-01,BPCL,0.00909090909090909,large,"Oil, Gas & Consumable Fuels",0.12734061368293983,0.1104808650105532,42,3,45,13,False
2025-06-01,BRITANNIA,0.00909090909090909,large,Fast Moving Consumer Goods,0.5110674759014637,0.02239427370724985,4,48,52,19,False
2025-06-01,CHAMBLFERT,0.00909090909090909,small,Chemicals,0.24594992636229748,0.10814548640494555,81,94,175,17,False
2025-06-01,CIPLA,0.00909090909090909,large,Healthcare,0.190345220030349,0.055468440186767054,25,14,39,11,False
2025-06-01,COALINDIA,0.00909090909090909,large,"Oil, Gas & Consumable Fuels",0.3067667274006458,0.15116574398081653,10,1,11,2,False
2025-06-01,COFORGE,0.00909090909090909,mid,Information Technology,0.16995569875151026,0.10269960334244992,37,6,43,9,False
2025-06-01,COLPAL,0.00909090909090909,mid,Fast Moving Consumer Goods,1.0399768250289687,0.02712772634844821,2,38,40,8,False
2025-06-01,COROMANDEL,0.00909090909090909,mid,Chemicals,0.1927030670711156,0.03432393557448242,30,27,57,16,False
2025-06-01,DDEVPLSTIK,0.00909090909090909,small,Chemicals,0.28944381384790013,0.08998334385826148,43,146,189,20,False
2025-06-01,DGCONTENT,0.00909090909090909,small,"Media, Entertainment & Publication",0.34057971014492755,0.14283138238373225,24,46,70,8,False
2025-06-01,DIXON,0.00909090909090909,mid,Consumer Durables,0.33523499049171424,0.013812364831989233,9,84,93,51,True
2025-06-01,DRREDDY,0.00909090909090909,large,Healthcare,0.17901428347198242,0.06613926252212193,27,11,38,10,False
2025-06-01,ECLERX,0.00909090909090909,small,Services,0.25075075075075076,0.07990671907315978,73,207,280,36,False
2025-06-01,EICHERMOT,0.00909090909090909,large,Automobile and Auto Components,0.18359841868162177,0.031064677529185014,26,33,59,27,False
2025-06-01,ELECTHERM,0.00909090909090909,small,Capital Goods,0.2907801418439716,0.12443158507836143,42,64,106,10,False
2025-06-01,GAIL,0.00909090909090909,large,"Oil, Gas & Consumable Fuels",0.10894711660240354,0.09668934501860162,51,5,56,23,False
2025-06-01,GHCL,0.00909090909090909,small,Chemicals,0.21244098861427382,0.150281462559091,125,41,166,16,False
2025-06-01,GLENMARK,0.00909090909090909,mid,Healthcare,0.16472354707648826,0.04295906505077189,40,20,60,18,False
2025-06-01,GLOBAL,0.00909090909090909,small,Consumer Services,0.2818181818181818,0.11903851182626894,50,72,122,12,False
2025-06-01,GODFRYPHLP,0.00909090909090909,mid,Fast Moving Consumer Goods,0.19410138248847927,0.09012227581516735,29,7,36,7,False
2025-06-01,GOKULAGRO,0.00909090909090909,small,Fast Moving Consumer Goods,0.3,0.20098290617834147,38,27,65,6,False
2025-06-01,GRASIM,0.00909090909090909,large,Construction Materials,0.07683364219931368,0.09946478615066616,57,4,61,29,False
2025-06-01,HCLTECH,0.00909090909090909,large,Information Technology,0.28209822075305213,0.05105496985546234,12,21,33,9,False
2025-06-01,HEROMOTOCO,0.00909090909090909,large,Automobile and Auto Components,0.24854796715401561,0.0716356936032645,19,8,27,6,False
2025-06-01,HINDALCO,0.00909090909090909,large,Metals & Mining,0.12634736547470043,0.13039996120159145,43,2,45,12,False
2025-06-01,HINDPETRO,0.00909090909090909,mid,"Oil, Gas & Consumable Fuels",0.08458296015710377,0.08319700697166706,79,8,87,42,False
2025-06-01,HINDZINC,0.00909090909090909,large,Metals & Mining,0.567694397563084,0.07256003911297895,3,7,10,1,False
2025-06-01,HYUNDAI,0.00909090909090909,large,Automobile and Auto Components,0.3971771841828998,0.04541878021950781,5,23,28,7,False
2025-06-01,IMFA,0.00909090909090909,small,Metals & Mining,0.1739766081871345,0.16742142747397262,227,33,260,29,False
2025-06-01,INDHOTEL,0.00909090909090909,large,Consumer Services,0.15802035802035802,0.020541690951902322,33,51,84,51,False
2025-06-01,INDIGO,0.00909090909090909,large,Services,0.1236840032555331,0.03824771739278018,44,28,72,42,True
2025-06-01,INDUSTOWER,0.00909090909090909,mid,Telecommunication,0.2655533604204719,0.12146100603039851,13,3,16,2,False
2025-06-01,INFY,0.00909090909090909,large,Information Technology,0.3308568407900428,0.05651809094686738,8,13,21,4,False
2025-06-01,IOC,0.00909090909090909,large,"Oil, Gas & Consumable Fuels",0.05686360174519864,0.07038222575192288,61,9,70,40,False
2025-06-01,IPCALAB,0.00909090909090909,mid,Healthcare,0.16037054860442734,0.03666543970779485,42,23,65,23,False
2025-06-01,IRCTC,0.00909090909090909,mid,Consumer Services,0.3991473487876366,0.0250322469560732,6,47,53,13,False
2025-06-01,ITC,0.00909090909090909,large,Fast Moving Consumer Goods,0.3439664367489156,0.051987695152957154,6,20,26,5,False
2025-06-01,JAIBALAJI,0.00909090909090909,small,Metals & Mining,0.28800298062593144,0.07448172788683671,44,240,284,38,False
2025-06-01,JKCEMENT,0.00909090909090909,mid,Construction Materials,0.11825383726687572,0.030075952455612856,64,32,96,53,False
2025-06-01,JKIL,0.00909090909090909,small,Construction,0.17699353448275862,0.10833041348020164,215,93,308,46,False
2025-06-01,JSL,0.00909090909090909,mid,Metals & Mining,0.15214378518839325,0.061177018346111535,49,12,61,20,False
2025-06-01,KNRCON,0.00909090909090909,small,Construction,0.2028169014084507,0.16926414400292597,147,31,178,18,False
2025-06-01,KPRMILL,0.00909090909090909,mid,Textiles,0.18983174835406,0.02696772211685595,31,39,70,29,False
2025-06-01,LIKHITHA,0.00909090909090909,small,Construction,0.24064171122994651,0.07946154918389278,87,209,296,41,False
2025-06-01,LLOYDSME,0.00909090909090909,mid,Metals & Mining,0.24887178125829573,0.0253979405677591,16,45,61,21,False
2025-06-01,LODHA,0.00909090909090909,large,Realty,0.13629363449691992,0.02526537508934964,40,40,80,48,False
2025-06-01,LT,0.00909090909090909,large,Construction,0.13172856248696016,0.05284217564133781,41,18,59,26,False
2025-06-01,LTTS,0.00909090909090909,mid,Information Technology,0.22337389214360823,0.03349221406476124,20,28,48,10,False
2025-06-01,LUPIN,0.00909090909090909,mid,Healthcare,0.18140479449030947,0.044167105190720014,35,19,54,14,False
2025-06-01,M&M,0.00909090909090909,large,Automobile and Auto Components,0.11862391598685838,0.05529223383115371,49,15,64,33,False
2025-06-01,MARUTI,0.00909090909090909,large,Automobile and Auto Components,0.15173315892740352,0.046669940572119074,35,22,57,25,False
2025-06-01,MOTHERSON,0.00909090909090909,large,Automobile and Auto Components,0.12028329046869601,0.07648698428627457,47,6,53,20,False
2025-06-01,MPHASIS,0.00909090909090909,mid,Information Technology,0.1885203195554012,0.04706058128809069,32,17,49,11,False
2025-06-01,NATCOPHARM,0.00909090909090909,small,Healthcare,0.2486369975909725,0.12501281670897763,78,63,141,13,False
2025-06-01,NATIONALUM,0.00909090909090909,mid,Metals & Mining,0.37693890031689553,0.214687410027541,7,1,8,1,False
2025-06-01,NCC,0.00909090909090909,small,Construction,0.1908713692946058,0.1091073658234091,175,90,265,32,False
2025-06-01,NESTLEIND,0.00909090909090909,large,Fast Moving Consumer Goods,0.8126327989182924,0.03675555358645951,1,29,30,8,False
2025-06-01,NMDC,0.00909090909090909,mid,Metals & Mining,0.22754032732838808,0.12055376082451835,17,4,21,3,False
2025-06-01,OBEROIRLTY,0.00909090909090909,mid,Realty,0.15864246250986583,0.04711539046946639,44,16,60,17,False
2025-06-01,OIL,0.00909090909090909,mid,"Oil, Gas & Consumable Fuels",0.10993247360501411,0.1327936817483482,69,2,71,30,False
2025-06-01,PAGEIND,0.00909090909090909,mid,Textiles,0.5775913720790893,0.018906652307097847,3,71,74,35,True
2025-06-01,PANAMAPET,0.00909090909090909,small,"Oil, Gas & Consumable Fuels",0.18245341614906832,0.10835434693482032,200,92,292,40,False
2025-06-01,PATANJALI,0.00909090909090909,mid,Fast Moving Consumer Goods,0.13883862477381148,0.08208842837377024,52,9,61,19,False
2025-06-01,PDMJEPAPER,0.00909090909090909,small,Forest Materials,0.18760469011725292,0.13772129713242398,180,50,230,24,False
2025-06-01,PETRONET,0.00909090909090909,mid,"Oil, Gas & Consumable Fuels",0.2094168811573622,0.10280859199913765,26,5,31,6,False
2025-06-01,PHOENIXLTD,0.00909090909090909,mid,Realty,0.1212421539478031,0.03158956743301143,60,30,90,44,False
2025-06-01,PIDILITIND,0.00909090909090909,large,Chemicals,0.2598687432657459,0.03545512184391062,16,30,46,14,False
2025-06-01,PIIND,0.00909090909090909,mid,Chemicals,0.17928633594429938,0.03297985256874329,36,29,65,24,False
2025-06-01,POKARNA,0.00909090909090909,small,Consumer Durables,0.24673060156931126,0.07603370597211631,80,227,307,45,False
2025-06-01,POLYCAB,0.00909090909090909,large,Capital Goods,0.26585560430793775,0.030398029822007143,14,35,49,17,False
2025-06-01,PPL,0.00909090909090909,small,Capital Goods,0.2277432712215321,0.11163439791224422,104,85,189,19,False
2025-06-01,PREMIERENE,0.00909090909090909,mid,Capital Goods,0.2686348408710218,0.026427862165096388,12,42,54,15,False
2025-06-01,RADHIKAJWE,0.00909090909090909,small,Consumer Durables,0.23770491803278687,0.08232602171208665,91,191,282,37,False
2025-06-01,RADIANTCMS,0.00909090909090909,small,Services,0.2128205128205128,0.10597811427721356,122,100,222,23,False
2025-06-01,RBZJEWEL,0.00909090909090909,small,Consumer Durables,0.18452380952380953,0.09019592243348244,191,142,333,53,False
2025-06-01,RELIANCE,0.00909090909090909,large,"Oil, Gas & Consumable Fuels",0.09237026627231085,0.05484045047051849,53,16,69,39,False
2025-06-01,ROLEXRINGS,0.00909090909090909,small,Automobile and Auto Components,0.1850828729281768,1.060559826472191,189,5,194,21,False
2025-06-01,RUCHIRA,0.00909090909090909,small,Forest Materials,0.16304347826086957,0.1848946896839515,271,30,301,43,False
2025-06-01,SHARDAMOTR,0.00909090909090909,small,Automobile and Auto Components,0.30341113105924594,0.16906019646337855,35,32,67,7,False
2025-06-01,SIGMA,0.00909090909090909,small,Information Technology,0.46296296296296297,0.9611467721650319,14,6,20,1,False
2025-06-01,SOLARINDS,0.00909090909090909,large,Chemicals,0.3422420193021529,0.012643033451107651,7,60,67,37,False
2025-06-01,SSDL,0.00909090909090909,small,Textiles,0.19689119170984457,0.0995770329373914,159,115,274,33,False
2025-06-01,STEELCAS,0.00909090909090909,small,Capital Goods,0.27607361963190186,0.2383816910676363,54,19,73,9,False
2025-06-01,TATACOMM,0.00909090909090909,mid,Telecommunication,0.12855192145132974,0.03489188924324723,55,26,81,40,False
2025-06-01,TCS,0.00909090909090909,large,Information Technology,0.5968909628605447,0.053271889720015383,2,17,19,3,False
2025-06-01,TECHM,0.00909090909090909,large,Information Technology,0.17392044101133153,0.039080220657412436,28,27,55,21,False
2025-06-01,TORNTPHARM,0.00909090909090909,large,Healthcare,0.2711016399518206,0.026758898146277275,13,38,51,18,False
2025-06-01,TRENT,0.00909090909090909,large,Consumer Services,0.2500324717495779,0.009578806764471003,17,62,79,46,False
2025-06-01,UGARSUGAR,0.00909090909090909,small,Fast Moving Consumer Goods,0.3064516129032258,0.20452693495969587,33,25,58,5,False
2025-06-01,UNIVASTU,0.00909090909090909,small,Construction,0.23275862068965517,0.22552039494878412,98,22,120,11,False
2025-06-01,UPL,0.00909090909090909,mid,Chemicals,0.08060833701576078,0.05995858393560501,80,13,93,49,False
2025-06-01,VEDL,0.00909090909090909,large,Metals & Mining,0.10810831179205824,0.06080906929196656,52,12,64,32,True
2025-06-01,VESUVIUS,0.00909090909090909,small,Capital Goods,0.21038062283737025,0.25054758391311716,131,17,148,14,False
2025-06-01,WEBELSOLAR,0.00909090909090909,small,Capital Goods,0.4918793503480278,0.27776276390972654,11,14,25,2,False
2025-06-01,WIPRO,0.00909090909090909,large,Information Technology,0.14830604428603777,0.06773536939719853,37,10,47,15,False
2025-06-01,ZYDUSLIFE,0.00909090909090909,mid,Healthcare,0.22609143782669514,0.06880066489304233,19,10,29,4,False
2026-06-01,20MICRONS,0.01020408163265306,small,Metals & Mining,0.159375,0.13128901659864448,146,32,178,33,False
2026-06-01,ABBOTINDIA,0.01020408163265306,mid,Healthcare,0.3671653861706429,0.032485968005581636,4,28,32,8,False
2026-06-01,AHLWEST,0.01020408163265306,small,Consumer Services,0.1864406779661017,0.10388292292457345,92,64,156,19,False
2026-06-01,AMBUJACEM,0.01020408163265306,large,Construction Materials,0.0499393818610599,0.02776920277130953,37,25,62,35,False
2026-06-01,APARINDS,0.01020408163265306,mid,Capital Goods,0.2773665144117184,0.03365308656285824,9,27,36,15,False
2026-06-01,APOLLOHOSP,0.01020408163265306,large,Healthcare,0.16152005786457463,0.023646568770921396,21,28,49,29,False
2026-06-01,ASHOKA,0.01020408163265306,small,Construction,0.20981924767953103,0.374450937546226,69,5,74,4,False
2026-06-01,ASIANPAINT,0.01020408163265306,large,Consumer Durables,0.2162365123908146,0.022145321846728953,14,30,44,25,False
2026-06-01,AUROPHARMA,0.01020408163265306,mid,Healthcare,0.11078235140544775,0.05688500357127029,45,10,55,28,False
2026-06-01,BAJAJ-AUTO,0.01020408163265306,large,Automobile and Auto Components,0.20232350312779268,0.043259641027120654,16,19,35,13,False
2026-06-01,BERGEPAINT,0.01020408163265306,mid,Consumer Durables,0.19083565090716462,0.02450590773716344,23,39,62,34,False
2026-06-01,BHARTIARTL,0.01020408163265306,large,Telecommunication,0.1852213116419765,0.05040827222024624,18,14,32,11,False
2026-06-01,BLUESTARCO,0.01020408163265306,mid,Consumer Durables,0.17774634606317774,0.023593500503096783,29,41,70,38,False
2026-06-01,BOSCHLTD,0.01020408163265306,large,Automobile and Auto Components,0.1508954824913125,0.0226598366161596,23,29,52,32,False
2026-06-01,BPCL,0.01020408163265306,large,"Oil, Gas & Consumable Fuels",0.21569908470519744,0.2206595394235082,15,1,16,6,False
2026-06-01,BSOFT,0.01020408163265306,small,Information Technology,0.1847672778561354,0.11231413828802192,94,52,146,14,False
2026-06-01,CENTEXT,0.01020408163265306,small,Capital Goods,0.1793103448275862,0.12032580423767526,103,45,148,15,False
2026-06-01,CHAMBLFERT,0.01020408163265306,small,Chemicals,0.20435729847494552,0.12644438621482024,78,39,117,9,False
2026-06-01,CHEMBONDCH,0.01020408163265306,small,Chemicals,0.20772946859903382,0.0933494102504346,73,100,173,31,False
2026-06-01,CHENNPETRO,0.01020408163265306,small,"Oil, Gas & Consumable Fuels",0.31719443169649686,0.24216684833006508,15,10,25,2,False
2026-06-01,CIPLA,0.01020408163265306,large,Healthcare,0.13331050619186213,0.04507229913308895,26,17,43,23,False
2026-06-01,COLPAL,0.01020408163265306,mid,Fast Moving Consumer Goods,1.0570202329858982,0.03182287851962077,1,29,30,7,False
2026-06-01,COROMANDEL,0.01020408163265306,mid,Chemicals,0.1918373151308305,0.05178746638058431,21,15,36,13,False
2026-06-01,DIXON,0.01020408163265306,mid,Consumer Durables,0.2609769000176336,0.021279328406636565,12,45,57,30,True
2026-06-01,DLF,0.01020408163265306,large,Realty,0.02854958497160332,0.010854205288156733,39,38,77,39,False
2026-06-01,DMART,0.01020408163265306,large,Consumer Services,0.1544125850719625,0.015494326329344098,22,36,58,34,False
2026-06-01,EICHERMOT,0.01020408163265306,large,Automobile and Auto Components,0.19320710521178996,0.02813449127693501,17,24,41,22,False
2026-06-01,EIDPARRY,0.01020408163265306,small,Fast Moving Consumer Goods,0.21854412362749084,0.18870868301819635,61,18,79,5,False
2026-06-01,GANDHITUBE,0.01020408163265306,small,Capital Goods,0.2563291139240506,0.10305592229330592,33,66,99,7,False
2026-06-01,GHCL,0.01020408163265306,small,Chemicals,0.1592847317744154,0.18293558586763653,147,19,166,22,False
2026-06-01,GLENMARK,0.01020408163265306,mid,Healthcare,0.36007563479200433,0.0638733249087935,5,8,13,2,False
2026-06-01,GOKULAGRO,0.01020408163265306,small,Fast Moving Consumer Goods,0.3076540755467197,0.08447000577223403,17,123,140,12,False
2026-06-01,GRASIM,0.01020408163265306,large,Construction Materials,0.08623005345237125,0.10108713204694994,36,3,39,17,False
2026-06-01,GULFOILLUB,0.01020408163265306,small,"Oil, Gas & Consumable Fuels",0.21160247265810747,0.08924490796460335,65,112,177,32,False
2026-06-01,HAVELLS,0.01020408163265306,mid,Consumer Durables,0.18611111111111112,0.025448407153835978,25,37,62,33,False
2026-06-01,HEROMOTOCO,0.01020408163265306,large,Automobile and Auto Components,0.2770879857079053,0.08105803860991494,7,6,13,4,False
2026-06-01,HEXT,0.01020408163265306,mid,Information Technology,0.2224128073184677,0.048816775110806766,17,17,34,9,False
2026-06-01,HINDALCO,0.01020408163265306,large,Metals & Mining,0.11049934676009977,0.0793978058574477,32,9,41,20,False
2026-06-01,HINDPETRO,0.01020408163265306,mid,"Oil, Gas & Consumable Fuels",0.19172152732060566,0.21858005262947075,22,1,23,6,False
2026-06-01,HINDUNILVR,0.01020408163265306,large,Fast Moving Consumer Goods,0.27293546010315234,0.02844080536098616,8,23,31,9,False
2026-06-01,INDIGO,0.01020408163265306,large,Services,0.014506610009442871,0.005529572412544684,40,40,80,40,True
2026-06-01,INDUSTOWER,0.01020408163265306,mid,Telecommunication,0.17560718752056867,0.08438647252354277,31,5,36,12,False
2026-06-01,INFY,0.01020408163265306,large,Information Technology,0.36635041361194964,0.08060407961258285,2,7,9,3,False
2026-06-01,IPCALAB,0.01020408163265306,mid,Healthcare,0.1771666854502423,0.04175714175906734,30,22,52,25,False
2026-06-01,ITC,0.01020408163265306,large,Fast Moving Consumer Goods,0.3416949243051291,0.08134239352154857,3,5,8,2,False
2026-06-01,JKIL,0.01020408163265306,small,Construction,0.15714285714285714,0.15365385985597058,155,24,179,34,False
2026-06-01,JSL,0.01020408163265306,mid,Metals & Mining,0.1622633201232937,0.07017685861263998,34,6,40,18,False
2026-06-01,JSWSTEEL,0.01020408163265306,large,Metals & Mining,0.09963232896776232,0.04911518176920006,33,15,48,26,False
2026-06-01,KALYANKJIL,0.01020408163265306,mid,Consumer Durables,0.17213906325446643,0.05137862286649552,32,16,48,23,False
2026-06-01,KAMDHENU,0.01020408163265306,small,Capital Goods,0.23399014778325122,0.2435464935131967,51,8,59,3,False
2026-06-01,KHAICHEM,0.01020408163265306,small,Chemicals,0.17420435510887772,0.1262906899055179,114,40,154,16,False
2026-06-01,LLOYDSME,0.01020408163265306,mid,Metals & Mining,0.1618527192297684,0.045795476498258506,36,20,56,29,False
2026-06-01,LODHA,0.01020408163265306,large,Realty,0.13796220956513877,0.047034486444537206,24,16,40,19,False
2026-06-01,LT,0.01020408163265306,large,Construction,0.13223048976306184,0.05098928703708786,27,13,40,18,False
2026-06-01,LTM,0.01020408163265306,large,Information Technology,0.24686716791979949,0.05695632238447748,10,11,21,7,False
2026-06-01,LTTS,0.01020408163265306,mid,Information Technology,0.22549992908807262,0.04596501977099192,16,19,35,10,False
2026-06-01,LUPIN,0.01020408163265306,mid,Healthcare,0.23341590971648776,0.06420315509307895,14,7,21,3,False
2026-06-01,M&M,0.01020408163265306,large,Automobile and Auto Components,0.12892932753126726,0.06597176510045567,28,10,38,16,False
2026-06-01,MARICO,0.01020408163265306,mid,Fast Moving Consumer Goods,0.44598279840570587,0.020761132265924402,3,46,49,24,False
2026-06-01,MOTHERSON,0.01020408163265306,large,Automobile and Auto Components,0.11620947630922693,0.04342311647720456,31,18,49,28,False
2026-06-01,MPHASIS,0.01020408163265306,mid,Information Technology,0.18132155953004564,0.055334607226644024,26,12,38,17,False
2026-06-01,MRPL,0.01020408163265306,small,"Oil, Gas & Consumable Fuels",0.16284108605863634,0.11712718002455225,138,47,185,35,False
2026-06-01,NATIONALUM,0.01020408163265306,mid,Metals & Mining,0.33157919032451644,0.09084196664589082,6,4,10,1,False
2026-06-01,NILASPACES,0.01020408163265306,small,Realty,0.20883534136546184,0.09266191695270933,70,102,172,28,False
2026-06-01,NMDC,0.01020408163265306,mid,Metals & Mining,0.21703031950381774,0.10183776275458803,20,2,22,5,False
2026-06-01,NOIDATOLL,0.01020408163265306,small,Services,0.3548387096774194,0.07497753094981006,10,160,170,25,True
2026-06-01,OBEROIRLTY,0.01020408163265306,mid,Realty,0.15558875982069698,0.052921703075302175,39,14,53,26,False
2026-06-01,OIL,0.01020408163265306,mid,"Oil, Gas & Consumable Fuels",0.08100380196277637,0.09782414280057368,52,3,55,27,False
2026-06-01,OSWALPUMPS,0.01020408163265306,small,Capital Goods,0.259375,0.11602618806549901,31,48,79,6,False
2026-06-01,PAGEIND,0.01020408163265306,mid,Textiles,0.5879707700955593,0.025162787576719508,2,38,40,21,True
2026-06-01,PANAMAPET,0.01020408163265306,small,"Oil, Gas & Consumable Fuels",0.16582278481012658,0.1399019190559305,127,29,156,18,False
2026-06-01,PHOENIXLTD,0.01020408163265306,mid,Realty,0.13959048553212358,0.03432245722655797,40,26,66,36,False
2026-06-01,PIDILITIND,0.01020408163265306,large,Chemicals,0.27786666666666665,0.021811798750066964,6,31,37,15,False
2026-06-01,POLYCAB,0.01020408163265306,large,Capital Goods,0.29620253164556964,0.02611487045292581,5,26,31,10,False
2026-06-01,PREMIERENE,0.01020408163265306,mid,Capital Goods,0.24017467248908297,0.03808488784455585,13,23,36,14,False
2026-06-01,QUESS,0.01020408163265306,small,Services,0.21920991479473276,0.09040645498342481,60,111,171,26,False
2026-06-01,RADICO,0.01020408163265306,mid,Fast Moving Consumer Goods,0.2278447823807027,0.018445518308469716,15,48,63,35,False
2026-06-01,ROUTE,0.01020408163265306,small,Telecommunication,0.16008537886872998,0.14215559823902066,143,26,169,24,False
2026-06-01,SANDUMA,0.01020408163265306,small,Metals & Mining,0.23418763225958147,0.08520673275049066,50,121,171,27,False
2026-06-01,SBGLP,0.01020408163265306,small,Realty,0.2727272727272727,0.0945458825521115,26,93,119,10,False
2026-06-01,SENCO,0.01020408163265306,small,Consumer Durables,0.1730289660464224,0.1093967401302361,115,58,173,30,False
2026-06-01,SHARDACROP,0.01020408163265306,small,Chemicals,0.23398151099776857,0.0949627479076834,52,91,143,13,False
2026-06-01,SHARDAMOTR,0.01020408163265306,small,Automobile and Auto Components,0.26138032305433184,0.0942794318998429,30,95,125,11,False
2026-06-01,SPARC,0.01020408163265306,small,Healthcare,0.8371970495258166,0.22923900139348968,2,11,13,1,True
2026-06-01,SUZLON,0.01020408163265306,mid,Capital Goods,0.2701866453737898,0.03642962032007839,11,24,35,11,False
2026-06-01,TATACONSUM,0.01020408163265306,large,Fast Moving Consumer Goods,0.087983094241476,0.0189059836934659,35,34,69,37,False
2026-06-01,TBZ,0.01020408163265306,small,Consumer Durables,0.19721577726218098,0.16707423236440955,84,20,104,8,False
2026-06-01,TCS,0.01020408163265306,large,Information Technology,0.5639243016123453,0.08313373180071285,1,4,5,1,False
2026-06-01,TECHM,0.01020408163265306,large,Information Technology,0.22486007169360417,0.054181625103182966,12,12,24,8,False
2026-06-01,TIINDIA,0.01020408163265306,mid,Automobile and Auto Components,0.1898659769574418,0.027437045785236418,24,35,59,32,True
2026-06-01,TRENT,0.01020408163265306,large,Consumer Services,0.24973811020322648,0.023946521944500972,9,27,36,14,False
2026-06-01,TVSMOTOR,0.01020408163265306,large,Automobile and Auto Components,0.16713098498441778,0.037144766815279624,20,21,41,21,False
2026-06-01,ULTRACEMCO,0.01020408163265306,large,Construction Materials,0.12313332469938931,0.03626579688562943,30,22,52,31,False
2026-06-01,VBL,0.01020408163265306,large,Fast Moving Consumer Goods,0.17449178249649114,0.021425780524791948,19,32,51,30,False
2026-06-01,VEDL,0.01020408163265306,large,Metals & Mining,0.2224361069746607,0.12316044625840405,13,2,15,5,True
2026-06-01,WAAREEENER,0.01020408163265306,mid,Capital Goods,0.2786968838526912,0.053865685519201026,8,13,21,4,False
2026-06-01,WIPRO,0.01020408163265306,large,Information Technology,0.1375680915889576,0.07942786325132065,25,8,33,12,False
2026-06-01,ZYDUSLIFE,0.01020408163265306,mid,Healthcare,0.17842355079781863,0.06163565324307064,28,9,37,16,False
