symbol,listing_date
20MICRONS,2008-10-06
21STCENMGM,1995-05-03
360ONE,2019-09-19
3BBLACKBIO,2026-04-20
3IINFOLTD,2021-10-22
3MINDIA,2004-08-13
3PLAND,1995-07-19
5PAISA,2017-11-16
63MOONS,2005-06-20
A2ZINFRA,2010-12-23
AAATECH,2022-11-28
AADHARHFC,2024-05-15
AAKASH,2020-09-29
AAREYDRUGS,2021-08-06
AARNAV,2026-02-25
AARON,2020-11-06
AARTECH,2023-07-10
AARTIDRUGS,2003-09-19
AARTIIND,1995-02-08
AARTIPHARM,2023-01-30
AARTISURF,2020-07-14
AARVI,2020-06-24
AASTHA,2026-07-06
AAVAS,2018-10-08
ABAN,1995-03-29
ABANSENT,2026-04-20
ABB,1995-02-08
ABBOTINDIA,2010-01-08
ABCAPITAL,2017-09-01
ABCOTS,2025-09-24
ABDL,2024-07-02
ABFRL,2013-07-17
ABINFRA,2024-11-08
ABLBL,2025-06-23
ABMINTLLTD,2021-09-09
ABMKNO,2026-04-20
ABREL,2003-06-27
ABSLAMC,2021-10-11
ACC,1996-11-20
ACCELYA,1999-12-01
ACCURACY,2020-12-11
ACE,2006-09-26
ACEINTEG,2022-11-04
ACGL,2026-08-17
ACI,2022-11-21
ACL,2023-05-10
ACMESOLAR,2024-11-13
ACSTECH,2026-04-20
ACUTAAS,2021-09-14
ADANIENSOL,2015-07-31
ADANIENT,1997-06-04
ADANIGREEN,2018-06-18
ADANIPORTS,2007-11-27
ADANIPOWER,2009-08-20
ADDIND,2026-08-17
ADFFOODS,2010-09-15
ADL,2020-10-01
ADOR,1995-05-10
ADROITINFO,1997-08-13
ADSL,2007-07-25
ADVAIT,2026-01-20
ADVANCE,2025-10-08
ADVANIHOTR,2007-06-25
ADVENTHTL,2025-11-13
ADVENZYMES,2016-08-01
ADVIKCA,2026-08-17
AEGISLOG,1996-04-03
AEGISVOPAK,2025-06-02
AEPL,2026-03-12
AEQUS,2025-12-10
AEROENTER,2022-11-21
AEROFLEX,2023-08-31
AERONEU,2023-01-12
AEROPLANE,2026-04-02
AETHER,2022-06-03
AFCONS,2024-11-04
AFFLE,2019-08-08
AFFORDABLE,2024-10-23
AFIL,2024-06-26
AFSL,2022-12-23
AGARIND,2014-05-26
AGARWALEYE,2025-02-04
AGI,2000-05-31
AGIIL,2024-07-15
AGL,2026-07-03
AGRITECH,2014-01-28
AGROPHOS,2019-03-08
AGSTRA,2022-01-31
AHCL,2025-09-03
AHLADA,2021-01-28
AHLEAST,2010-08-11
AHLUCONT,2009-12-14
AHLWEST,2010-08-05
AIAENG,2005-12-14
AIIL,2024-04-23
AIRAN,2019-05-03
AIROLAM,2021-10-13
AJANTPHARM,2000-05-29
AJAXENGG,2025-02-17
AJMERA,2009-06-16
AJOONI,2021-05-07
AKASH,2019-10-11
AKCAPIT,2026-04-20
AKG,2021-02-16
AKI,2023-04-06
AKSHAR,2022-05-23
AKSHARCHEM,2017-03-28
AKSHOPTFBR,2000-08-18
AKUMS,2024-08-06
ALANKIT,2015-06-30
ALBERTDAVD,2016-06-14
ALEMBICLTD,1999-09-22
ALFREDHE,2026-08-17
ALGOQUANT,2026-01-06
ALICON,2006-09-29
ALIVUS,2021-08-06
ALKALI,2008-11-06
ALKEM,2015-12-23
ALKYLAMINE,2007-11-26
ALLCARGO,2006-06-23
ALLDIGI,2005-05-09
ALLTIME,2025-08-14
ALMONDZ,2008-06-16
ALOKINDS,2020-02-19
ALPA,2007-08-06
ALPHAGEO,2007-05-11
ALPINETEX,2026-07-21
ALUFLUOR,2026-08-17
AMAGI,2026-01-21
AMAL,2026-08-17
AMANTA,2025-09-09
AMARJOTHI,2026-08-17
AMBALALSA,2026-04-20
AMBER,2018-01-30
AMBICAAGAR,2004-06-29
AMBIKCO,2008-01-29
AMBUJACEM,1998-02-18
AMDIND,2007-03-19
AMJLAND,1995-02-08
AMNPLST,2023-11-10
AMRUTANJAN,2015-01-02
ANANDRATHI,2021-12-14
ANANTRAJ,2006-09-27
ANDHRAPAP,2004-05-13
ANDHRSUGAR,1995-11-01
ANDREWYU,2026-08-17
ANGELONE,2020-10-05
ANIKINDS,2008-05-21
ANKITMETAL,2013-03-14
ANMOL,2021-06-04
ANNAPURNA,2026-08-12
ANNU,2026-09-02
ANSALAPI,2006-01-27
ANSALBU,2026-08-17
ANTELOPUS,2006-09-26
ANTGRAPHIC,1997-12-31
ANTHEM,2025-07-21
ANUHPHR,2024-12-20
ANUP,2019-03-01
ANURAS,2021-03-24
APARINDS,2004-07-12
APCL,2017-04-10
APCOTEXIND,1995-09-06
APEX,2017-09-04
APLAPOLLO,2011-12-14
APLLTD,2011-09-20
APOLLO,2018-01-22
APOLLOHOSP,1996-01-10
APOLLOPIPE,2019-11-11
APOLLOTYRE,1995-05-31
APOLSINHOT,2015-01-28
APOORVA,2026-08-17
APTECHT,2002-09-27
APTUS,2021-08-24
AQYLON,2024-04-01
ARCHIDPLY,2008-07-04
ARCHIES,1998-09-02
ARCL,2026-08-17
ARDEE,2026-08-12
ARE&M,2003-09-05
ARENTERP,1995-10-18
ARFIN,2025-07-22
ARIES,2008-01-11
ARIHANT,2026-04-20
ARIHANTCAP,2021-06-15
ARIHANTSUP,2017-03-28
ARIS,2025-06-25
ARKADE,2024-09-24
ARMANFIN,2016-06-14
AROGRANITE,2007-04-24
ARROWGREEN,2015-05-21
ARSHIYA,2009-12-14
ARSSBL,2025-09-30
ARTEMISMED,2020-01-23
ARTNIRMAN,2021-10-18
ARVEE,2021-03-22
ARVIND,1995-02-08
ARVINDFASN,2019-03-08
ARVSMART,2015-08-26
ARYAMAN,2026-08-17
ASAHIINDIA,1998-03-18
ASAHISONG,2011-08-29
ASAL,2002-03-12
ASALCBR,2020-02-12
ASHAPURMIN,1995-09-20
ASHIANA,2011-06-29
ASHIKAG,2026-04-20
ASHIMASYN,1995-07-27
ASHOKA,2010-10-14
ASHOKAMET,2023-06-27
ASHOKLEY,1995-05-25
ASIANENE,2021-12-09
ASIANHOTNR,2010-04-07
ASIANPAINT,1995-05-31
ASIANTILES,2007-08-23
ASIANTNE,2026-08-17
ASKAUTOLTD,2023-11-15
ASMS,2023-02-09
ASPINWALL,2016-06-14
ASSAMENT,2026-08-17
ASTAR,2026-04-20
ASTEC,2009-11-25
ASTERDM,2018-02-26
ASTRAL,2007-03-20
ASTRAMICRO,2004-11-01
ASTRAZEN,2001-05-04
ASTRON,2017-12-29
ATALREAL,2023-05-12
ATAM,2023-05-10
ATGL,2018-11-05
ATHERENERG,2025-05-06
ATL,2023-08-10
ATLANTAA,2006-09-25
ATLANTAELE,2025-09-29
ATLASCYCLE,1996-10-23
ATUL,1998-05-06
ATULAUTO,2013-06-26
AUBANK,2017-07-10
AUGMONT,2026-08-31
AURIONPRO,2005-10-25
AUROPHARMA,2000-07-19
AURUM,2015-08-19
AURUS,2013-11-05
AUSOMENT,1996-04-17
AUSTENG,2026-08-17
AUTOAXLES,2003-05-29
AUTOIND,2007-01-31
AVADHSUGAR,2017-07-28
AVALON,2023-04-18
AVANCE,2026-08-17
AVANTEL,2024-07-31
AVANTIFEED,2015-04-15
AVG,2023-05-12
AVL,2024-11-06
AVONMORE,2023-01-04
AVROIND,2022-04-07
AVTNPL,2007-01-10
AWFIS,2024-05-30
AWHCL,2021-01-01
AWL,2022-02-08
AXISBANK,1998-11-16
AXISCADES,2000-12-21
AXITA,2022-06-21
AXTEL,2026-08-17
AYE,2026-02-16
AYMSYNTEX,2015-08-14
AZAD,2023-12-28
AZADIND,2026-08-17
BAFNAPH,2020-02-27
BAGFILMS,2003-10-17
BAIDFIN,2023-01-20
BAJAJ-AUTO,2008-05-26
BAJAJCON,2010-08-18
BAJAJELEC,2007-11-02
BAJAJFINSV,2008-05-26
BAJAJHCARE,2021-11-25
BAJAJHFL,2024-09-16
BAJAJHIND,1995-05-10
BAJAJHLDNG,1995-03-15
BAJAJINDEF,2025-02-21
BAJAJST,2026-04-20
BAJEL,2023-12-19
BAJFINANCE,2003-04-01
BALAJEE,2024-09-12
BALAJITELE,2000-11-22
BALAMINES,2007-04-05
BALAXI,2015-11-30
BALKRISHNA,2015-07-28
BALKRISIND,2006-01-27
BALMLAWRIE,1995-07-06
BALPHARMA,2006-05-08
BALRAMCHIN,1995-02-08
BALUFORGE,2024-04-29
BANARBEADS,1995-07-07
BANARISUG,2003-05-28
BANCOINDIA,2006-12-22
BANDHANBNK,2018-03-27
BANG,2008-02-20
BANKA,2020-10-29
BANKBARODA,1997-02-19
BANKINDIA,1997-04-30
BANSALWIRE,2024-07-10
BANSWRAS,2007-04-11
BASF,1995-05-17
BASML,2005-11-14
BATAINDIA,2003-06-18
BATLIBOI,2026-04-20
BAYERCROP,2010-01-08
BBL,2006-11-21
BBOX,2003-07-22
BBTC,1996-04-03
BBTCL,2022-11-23
BCG,2015-05-08
BCLIND,2021-03-04
BCONCEPTS,2022-01-11
BCPL,2026-03-27
BDL,2018-03-23
BEARDSELL,2015-01-13
BECTORFOOD,2020-12-24
BEDMUTHA,2010-10-14
BEEKAY,2026-04-20
BEL,2000-07-19
BELLACASA,2025-07-18
BELRISE,2025-05-28
BEML,2003-11-05
BENARAS,2026-08-17
BENGALASM,2026-04-20
BEPL,2005-03-21
BERGEPAINT,1999-11-24
BESTAGRO,2024-04-10
BETA,2025-11-24
BFINVEST,2011-01-14
BFUTILITIE,2007-05-03
BGLOBAL,2011-07-28
BGRENERGY,2008-01-03
BHAGCHEM,2021-10-18
BHAGERIA,2016-03-02
BHAGYANGR,2017-05-17
BHANDARI,2017-01-30
BHARATCOAL,2026-01-19
BHARATFORG,2003-04-04
BHARATGEAR,1996-04-03
BHARATRAS,1995-10-11
BHARATSE,2025-03-24
BHARATWIRE,2016-04-01
BHARTIARTL,2002-02-15
BHARTIHEXA,2024-04-12
BHEL,2003-11-11
BI,2026-04-20
BIGBLOC,2016-09-02
BIKAJI,2022-11-16
BIL,2000-04-12
BILVYAPAR,2006-09-27
BIMETAL,2026-04-20
BIOCON,2004-04-07
BIOFILCHEM,1996-06-12
BIRLACABLE,1995-12-06
BIRLACORPN,1995-04-12
BIRLAMONEY,2008-02-07
BIRLANU,1995-04-26
BIRLAPREC,2026-04-20
BLACKBUCK,2024-11-22
BLACKROSE,2026-04-20
BLAL,2023-04-19
BLBLIMITED,2000-05-31
BLEL,2026-08-19
BLIL,2026-04-20
BLISSGVS,2010-07-26
BLKASHYAP,2006-03-17
BLS,2016-06-14
BLSE,2024-02-06
BLUECHIP,1997-03-12
BLUECLOUDS,2026-08-17
BLUECOAST,2000-02-16
BLUEDART,2002-12-12
BLUEJET,2023-11-01
BLUESTARCO,2000-06-15
BLUESTONE,2025-08-19
BLUSPRING,2025-06-11
BMWVENTLTD,2025-10-01
BNAGROCHEM,2026-04-20
BNALTD,2026-04-20
BODALCHEM,2011-08-22
BOHRAIND,2022-10-27
BOMDYEING,1995-04-26
BONLON,2026-02-20
BORANA,2025-05-27
BOROLTD,2020-07-22
BORORENEW,2018-05-25
BOROSCI,2024-06-07
BOSCH-HCIL,2000-01-03
BOSCHLTD,2003-05-12
BPCL,1995-09-13
BPL,1995-06-14
BPLPHARMA,2026-08-17
BRAHMINFRA,2026-08-17
BRIGADE,2007-12-31
BRIGHOTEL,2025-07-31
BRIGHTBR,2026-08-17
BRITANNIA,1998-11-05
BRNL,2017-09-18
BROOKS,2011-09-05
BSE,2017-02-03
BSHSL,2020-10-28
BSL,1995-07-27
BSOFT,1999-11-24
BTML,2023-02-15
BTTL,2026-04-20
BUILDPRO,2026-01-09
BURNPUR,2008-01-03
BUTTERFLY,2014-04-28
BVCL,2007-11-23
BYKE,2015-04-15
CALSOFT,2000-06-28
CAMLINFINE,2015-01-20
CAMPUS,2022-05-09
CAMS,2021-05-07
CANBK,2002-12-23
CANFINHOME,1995-05-10
CANHLIFE,2025-10-17
CANTABIL,2010-10-12
CAPACITE,2017-09-25
CAPILLARY,2025-11-21
CAPITALSFB,2024-02-14
CAPLIPOINT,2014-06-23
CAPTRUST,2017-01-16
CARBORUNIV,1996-04-03
CARERATING,2012-12-26
CARRARO,2024-12-30
CARTRADE,2021-08-20
CARYSIL,2021-01-14
CASTROLIND,2014-03-14
CCAVENUE,2016-04-04
CCCL,2007-10-15
CCHHL,2015-02-03
CCL,2004-06-07
CDSL,2017-06-30
CEATLTD,2008-02-01
CEIGALL,2024-08-08
CEINSYS,2026-02-19
CELEBRITY,2006-01-12
CELLO,2023-11-06
CEMPRO,1999-02-10
CENTENKA,1995-05-10
CENTEXT,2004-07-20
CENTRALBK,2007-08-21
CENTRUM,2018-04-04
CENTUM,2007-10-05
CENTURYPLY,2006-03-23
CERA,2007-11-02
CEREBRAINT,2013-06-26
CESC,1995-02-08
CEWATER,2024-12-27
CFEL,2026-08-17
CGCL,2010-10-29
CGPOWER,1995-03-01
CGVAK,2026-08-17
CHALET,2019-02-07
CHAMBLFERT,1995-06-14
CHEMBOND,2019-11-20
CHEMBONDCH,2025-07-23
CHEMCON,2020-10-01
CHEMCRUX,2026-08-17
CHEMFAB,2018-04-25
CHEMPLASTS,2021-08-24
CHENNPETRO,2000-06-07
CHEVIOT,2022-06-20
CHOICEIN,2022-04-08
CHOLAFIN,1996-05-15
CHOLAHLDNG,2017-09-25
CIEINDIA,2007-08-30
CIFL,2025-04-17
CINELINE,2012-06-13
CINEVISTA,2000-05-02
CIPLA,1995-02-08
CLCIND,2006-12-20
CLEAN,2021-07-19
CLEANMAX,2026-03-02
CLEDUCATE,2017-03-31
CLSEL,2021-05-12
CMICABLES,2016-11-29
CMLL,2026-07-24
CMPDI,2026-03-30
CMRGREEN,2026-06-10
CMSINFO,2021-12-31
CNL,2019-08-05
COALINDIA,2010-11-04
COASTCORP,2021-10-08
COCHINSHIP,2017-08-11
COCKERILL,2026-04-20
COFFEEDAY,2015-11-02
COFORGE,2004-08-30
COHANCE,2020-03-09
COLPAL,2007-12-17
COMFINTE,2026-04-20
COMPEAU,2026-08-17
COMPINFO,2016-07-07
COMPUSOFT,2012-03-02
COMSYN,2024-01-23
CONCOR,1997-05-07
CONCORDBIO,2023-08-18
CONFIPET,2019-06-13
CONSOFINVT,2005-03-29
CONTROLPR,2016-06-24
CORALFINAC,1996-03-25
CORDELIA,2026-07-01
CORDSCABLE,2008-02-13
COROMANDEL,1995-05-31
CORONA,2025-12-15
COSMOFIRST,1995-05-25
COUNCODOS,2009-01-22
CPCAP,2010-10-06
CPEDU,2025-09-05
CPL,2026-07-23
CPPLUS,2025-08-05
CRAFTSMAN,2021-03-25
CRAMC,2025-10-16
CRAVATEX,2026-08-17
CREATIVEYE,2000-12-20
CREDITACC,2018-08-23
CREST,2006-12-27
CRISIL,1995-06-28
CRIZAC,2025-07-09
CROMPTON,2016-05-13
CROWN,2022-02-08
CRSL,2026-08-17
CSBBANK,2019-12-04
CSLFINANCE,2022-07-21
CSM,2026-07-02
CTE,2007-02-07
CUB,1998-08-25
CUBEXTUB,1996-04-24
CUMMINSIND,1995-03-29
CUPID,2016-09-16
CURAA,2025-03-21
CYBERMEDIA,2005-06-10
CYBERTECH,1999-01-27
CYIENT,1998-09-30
CYIENTDLM,2023-07-10
DABUR,1999-04-28
DAICHI,2026-04-20
DALBHARAT,2019-01-22
DALMIASUG,1996-01-17
DAMCAPITAL,2024-12-27
DAMODARIND,2016-07-04
DANGEE,2020-11-13
DATAMATICS,2004-05-07
DATAPATTNS,2021-12-24
DAVANGERE,2024-01-25
DBCORP,2010-01-06
DBEIL,2024-10-28
DBL,2016-08-11
DBOL,2022-09-08
DBREALTY,2010-02-24
DBSTOCKBRO,2012-02-29
DCAL,2017-09-21
DCBBANK,2006-10-27
DCI,2022-10-19
DCM,1995-03-29
DCMFINSERV,1997-05-21
DCMNVL,2019-07-16
DCMSHRIRAM,1995-04-12
DCMSIL,2026-02-17
DCMSRIND,2021-12-24
DCW,1995-05-25
DCXINDIA,2022-11-11
DDEVPLSTIK,2025-01-15
DECCANCE,2007-08-02
DECNGOLD,2026-04-20
DEEDEV,2024-06-26
DEEP,2026-08-17
DEEPAKFERT,2003-01-17
DEEPAKNTR,2010-09-29
DEEPINDS,2021-04-27
DELHIVERY,2022-05-24
DELPHIFX,2011-06-28
DELTACORP,2007-11-02
DELTAMAGNT,1995-10-18
DEN,2009-11-24
DENORA,1997-08-07
DENTA,2025-01-29
DEVIT,2022-02-15
DEVX,2025-09-17
DEVYANI,2021-08-16
DGCONTENT,2019-06-18
DHABRIYA,2026-08-17
DHAMPURSUG,1995-03-29
DHANBANK,2004-04-01
DHANUKA,2011-06-29
DHARAN,2018-04-02
DHARMAJ,2022-12-08
DHATRE,2026-08-17
DHOOTTRANS,2026-08-17
DHRUV,2021-11-25
DHUNINV,2011-03-18
DIACABS,2023-09-15
DIAMINESQ,2023-09-25
DIAMONDYD,2017-10-05
DICIND,1995-08-30
DIFFNKG,2024-10-04
DIGIDRIVE,2024-01-10
DIGISPICE,2008-05-27
DIGITIDE,2025-06-11
DIGJAMLMTD,2021-10-18
DISAQ,2026-04-20
DISHTV,2007-04-18
DIVGIITTS,2023-03-14
DIVISLAB,2003-03-12
DIXON,2017-09-18
DJML,2022-12-05
DLF,2007-07-05
DLINKINDIA,2009-12-18
DMART,2017-03-21
DMCC,2021-12-01
DNAMEDIA,2017-12-11
DODLA,2021-06-28
DOLATALGO,2024-01-12
DOLLAR,2017-04-21
DOLPHIN,2023-08-21
DOMS,2023-12-20
DONEAR,2006-12-20
DPABHUSHAN,2020-11-03
DPSCLTD,2008-04-21
DPWIRES,2020-01-17
DRAGARWQ,2026-04-20
DRCSYSTEMS,2021-03-10
DREAMFOLKS,2022-09-06
DREDGECORP,2004-01-15
DRREDDY,2003-05-30
DSFCL,2026-02-17
DSKULKARNI,1995-02-08
DSSL,2011-12-01
DTIL,2015-01-20
DUCON,2012-10-09
DUCON-RE1,2026-09-03
DVL,2008-01-11
DWARKESH,2004-12-31
DYCL,2022-07-27
DYNAMATECH,2006-09-14
DYNPRO,2017-07-19
E2E,2022-04-12
EASEMYTRIP,2021-03-19
EASTSILK,1996-07-03
EASTWEST,2026-08-17
EBGNG,2025-07-30
EBIX,2026-08-17
ECLERX,2007-12-31
ECORECO,2026-08-17
ECOSMOBLTY,2024-09-04
EDELWEISS,2007-12-12
EDUCOMP,2006-01-13
EFCIL,2025-08-20
EICHERMOT,2004-09-07
EIDPARRY,1995-05-10
EIEL,2024-11-29
EIFFL,2021-10-12
EIHAHOTELS,2008-04-08
EIHOTEL,1995-02-08
EIMCOELECO,1996-04-17
EKC,2005-12-15
EKI,2026-08-17
ELANTAS,2026-04-20
ELCIDIN,2026-04-20
ELDEHSG,2022-04-12
ELECON,2006-09-29
ELECTCAST,2003-06-20
ELECTHERM,2007-08-20
ELGIEQUIP,1995-11-22
ELGIRUBCO,2011-08-10
ELIN,2022-12-30
ELITECON,2026-04-20
ELLEN,2025-07-01
ELPROINTL,2026-04-20
EMAMILTD,2006-08-03
EMAMIPAP,2019-05-30
EMAMIREAL,2010-07-28
EMBDL,2007-03-23
EMCURE,2024-07-10
EMIL,2022-10-17
EMKAY,2006-04-28
EMMBI,2010-02-24
EMMVEE,2025-11-18
EMPIND,2026-08-17
EMPOWER,2026-04-20
EMSLIMITED,2023-09-21
EMUDHRA,2022-06-01
ENDURANCE,2016-10-19
ENERGYDEV,2007-11-02
ENGINERSIN,1997-08-20
ENIL,2006-02-15
ENKEIWHEL,2026-08-17
ENRIN,2025-06-19
ENTERO,2024-02-16
EPACK,2024-01-30
EPACKPEB,2025-10-01
EPIGRAL,2021-08-18
EPL,2002-02-11
EQUIPPP,2021-05-19
EQUITASBNK,2020-11-02
ERIS,2017-06-29
ESABINDIA,1995-11-01
ESAFSFB,2023-11-10
ESCORTS,1995-03-01
ESDS,2026-09-04
ESSARSHPNG,2011-11-15
ESSENTIA,2013-08-20
ESTER,2011-06-20
ETERNAL,2021-07-23
ETHOSLTD,2022-05-30
EUREKAFORB,2024-09-11
EUROBOND,2025-08-01
EUROPRATIK,2025-09-23
EUROTEXIND,1996-01-31
EVEREADY,2005-04-27
EVERESTIND,1995-03-29
EXCELINDUS,2004-06-16
EXCELSOFT,2025-11-26
EXICOM,2024-03-05
EXIDEIND,2003-06-17
EXPLEOSOL,2009-10-26
EXXARO,2021-08-16
FABTECH,2025-10-07
FACT,1995-04-12
FAIRCHEMOR,2020-12-24
FAZE3Q,2022-11-18
FCL,2015-01-15
FCSSOFT,2005-09-21
FDC,1997-08-07
FEDDERSHOL,2026-04-20
FEDERALBNK,1995-02-08
FEDFINA,2023-11-30
FEL,2001-11-05
FELDVR,2009-02-13
FERMENTA,2026-08-04
FIBERWEB,2022-02-16
FIEMIND,2006-10-19
FILATEX,2011-08-29
FILATFASH,2024-05-06
FINCABLES,1995-02-15
FINEORG,2018-07-02
FINKURVE,2025-10-01
FINOPB,2021-11-12
FINPIPE,1995-02-08
FIRSTCRY,2024-08-13
FISCHER,2025-07-10
FIVESTAR,2022-11-21
FLAIR,2023-12-01
FLEXITUFF,2011-10-19
FLFL,2013-10-01
FLUOROCHEM,2019-10-16
FMGOETZE,1995-02-08
FMNL,2010-12-31
FOCUS,2021-11-24
FOODSIN,2021-11-16
FORCEMOT,2024-02-14
FORTIS,2007-05-09
FOSECOIND,2003-05-05
FRACTAL,2026-02-16
FREDUN,2026-08-17
FRONTSP,2026-04-20
FSL,2007-02-22
FUSION,2022-11-15
GABRIEL,2005-04-20
GAEL,2000-10-11
GAIL,1997-04-02
GAJA,2026-08-26
GALAPREC,2024-09-09
GALAXYSURF,2018-02-08
GALLANTT,2006-04-04
GANDHAR,2023-11-30
GANDHITUBE,2007-01-31
GANECOS,2015-03-09
GANESHBE,2021-09-16
GANESHCP,2025-09-29
GANESHHOU,2007-03-02
GANGAFORGE,2021-07-06
GANGESSECU,2017-07-28
GARFIBRES,2007-04-03
GARUDA,2024-10-15
GATECH,2016-07-25
GATECHDVR,2017-10-10
GATEWAY,2022-03-22
GAUDIUMIVF,2026-02-27
GAYAHWS,2018-06-28
GAYAPROJ,2011-08-22
GCSL,2025-09-04
GEECEE,2006-10-04
GEEKAYWIRE,2020-03-06
GEMAROMA,2025-08-26
GENCON,2021-02-16
GENESYS,2003-01-23
GENSOL,2023-07-03
GENUSPAPER,2015-02-16
GENUSPOWER,2005-07-08
GEOJITFSL,2005-07-01
GESHIP,2006-11-27
GFLLIMITED,1995-05-25
GFSTEELS,2019-07-22
GHCL,2003-07-31
GHCLTEXTIL,2023-06-12
GICHSGFIN,1996-05-08
GICL,2026-02-18
GICRE,2017-10-25
GILLANDERS,2009-12-14
GILLETTE,2003-07-30
GINNIFILA,1995-05-10
GIPCL,1995-02-08
GKB,2026-08-17
GKENERGY,2025-09-26
GKSL,2025-12-30
GKWLIMITED,2009-07-20
GLAND,2020-11-20
GLAXO,2000-12-15
GLENMARK,2000-02-07
GLFL,1995-02-08
GLOBAL,2020-12-07
GLOBALE,2024-08-27
GLOBALVECT,2006-10-27
GLOBE,2020-10-07
GLOBECIVIL,2025-07-01
GLOBUSSPR,2009-09-23
GLOSTERLTD,2024-04-26
GLOTTIS,2025-10-07
GMBREW,1995-08-23
GMDCLTD,1997-12-17
GMMPFAUDLR,2018-03-05
GMRAIRPORT,2006-08-21
GMRP&UI,2022-03-23
GNA,2016-09-26
GNFC,1995-05-17
GNRL,2026-04-20
GOACARBON,2007-06-05
GOCLCORP,2014-06-26
GOCOLORS,2021-11-30
GODAVARIB,2024-10-30
GODFRYPHLP,1996-07-24
GODIGIT,2024-05-23
GODREJAGRO,2017-10-16
GODREJCP,2001-06-20
GODREJIND,2003-02-25
GODREJPROP,2010-01-05
GOKEX,2005-04-27
GOKUL,2008-06-04
GOKULAGRO,2016-03-11
GOLDENTOBC,1995-02-08
GOLDIAM,2005-08-29
GOLDTECH,2001-04-11
GOODLUCK,2015-01-08
GOODYEAR,2026-04-20
GOPAL,2024-03-14
GOYALALUM,2022-11-04
GPIL,2006-04-25
GPPL,2010-09-09
GPTHEALTH,2024-02-29
GPTINFRA,2016-07-11
GRADIENTE,2026-05-08
GRANDOAK,2026-04-20
GRANULES,2005-06-20
GRAPHITE,2003-02-07
GRASIM,1995-05-10
GRAUWEIL,2026-04-20
GRAVISSHO,2026-04-20
GRAVITA,2010-11-16
GREAVESCOT,2004-09-09
GREENLAM,2015-03-02
GREENPANEL,2019-10-23
GREENPLY,1996-03-06
GREENPOWER,2010-10-08
GRINDWELL,2006-09-11
GRINFRA,2021-07-19
GRMOVER,2022-09-07
GROBTEA,2016-07-14
GROWW,2025-11-12
GRPLTD,2015-02-12
GRSE,2018-10-10
GRWRHITECH,2022-02-03
GSFC,1995-09-06
GSLSU,2023-03-23
GSPCROP,2026-03-24
GSS,2008-03-07
GTECJAINX,2020-11-13
GTL,1995-03-29
GTLINFRA,2006-11-09
GTPL,2017-07-04
GUFICBIO,2004-10-19
GUJALKALI,1997-08-07
GUJAPOLLO,2007-06-04
GUJENERGY,2015-09-15
GUJRAFFIA,1996-10-09
GUJTHEM,2025-02-25
GULFOILLUB,2014-07-31
GULFPETRO,2004-09-24
GULPOLY,2015-01-28
GVKPIL,2006-02-27
GVPIL,2000-04-19
GVPTECH,2022-09-06
GVT&D,2008-06-30
GYFTR,2026-07-10
HAL,2018-03-28
HALDER,2026-01-19
HALDYNGL,2026-04-20
HALEOSLABS,2017-08-17
HAMPTON,2026-08-17
HAPPSTMNDS,2020-09-17
HAPPYFORGE,2023-12-27
HARDWYN,2022-04-12
HARIOMPIPE,2022-04-13
HARRMALAYA,1995-02-08
HARSHA,2022-09-26
HATHWAY,2010-02-25
HATSUN,2014-06-20
HAVELLS,2001-03-21
HAVISHA,2000-02-16
HAWKINCOOK,2026-04-20
HAZOOR,2026-08-17
HBESD,2026-04-20
HBLENGINE,2007-01-04
HBPOR,2026-08-17
HBSL,2018-07-23
HCC,2003-04-01
HCG,2016-03-30
HCL-INSYS,1997-01-01
HCLTECH,2000-01-06
HDBFS,2025-07-02
HDFCAMC,2018-08-06
HDFCBANK,1995-11-08
HDFCLIFE,2017-11-17
HDIL,2007-07-24
HEADSUP,2016-12-14
HEALTHX,2010-10-05
HECPROJECT,2021-12-30
HEG,1995-05-10
HEIDELBERG,1995-03-15
HEMIPROP,2020-10-22
HERANBA,2021-03-05
HERITGFOOD,1996-11-27
HEROMOTOCO,2003-04-11
HESTERBIO,2015-03-13
HEXAGON,2026-06-12
HEXATRADEX,2012-04-20
HEXT,2025-02-19
HFCL,2011-03-09
HGINFRA,2018-03-09
HGM,2006-09-27
HGS,2007-06-19
HIKAL,2001-02-14
HILINFRA,2025-08-12
HILTON,2007-05-24
HIMATSEIDE,1995-02-08
HINDADH,2026-08-17
HINDALCO,1997-01-08
HINDALUMI,2026-08-17
HINDCOMPOS,1996-05-08
HINDCON,2021-07-05
HINDCOPPER,2010-09-15
HINDOILEXP,2003-09-23
HINDPETRO,1998-06-17
HINDUNILVR,1995-07-06
HINDWAREAP,2019-12-26
HINDZINC,2006-11-21
HIRECT,2006-12-26
HISARMETAL,2017-01-05
HITECH,2018-05-07
HITECHCORP,2007-12-20
HITECHGEAR,2002-01-21
HLEGLAS,2023-02-09
HLVLTD,1995-07-19
HMAAGRO,2023-07-04
HMT,2003-08-29
HMVL,2010-07-21
HNDFDS,2023-06-06
HOMEFIRST,2021-02-03
HONASA,2023-11-07
HONAUT,2003-07-18
HONDAPOWER,2003-04-01
HORIZONIND,2026-08-24
HPAL,2021-12-27
HPIL,2022-11-07
HPL,2016-10-04
HRYNSHP,2026-08-17
HSCL,2007-03-02
HTEL,2026-09-01
HTMEDIA,2005-09-01
HUBTOWN,2007-02-07
HUDCO,2017-05-19
HUHTAMAKI,2004-10-01
HYBRIDFIN,2022-12-05
HYUNDAI,2024-10-22
IBULLSLTD,2011-08-18
ICDSLTD,1999-11-17
ICEMAKE,2020-10-12
ICICIAMC,2025-12-19
ICICIBANK,1997-09-17
ICICIGI,2017-09-27
ICICIPRULI,2016-09-29
ICIL,2005-09-12
ICRA,2007-04-13
IDBI,1995-09-20
IDEA,2007-03-09
IDEAFORGE,2023-07-07
IDFCFIRSTB,2015-11-06
IEX,2017-10-23
IFBAGRO,1996-04-03
IFBIND,1995-03-29
IFCI,1995-04-26
IFGLEXPOR,2017-11-14
IGARASHI,2003-10-09
IGCL,2025-07-03
IGIL,2024-12-20
IGL,2003-12-26
IGPL,2007-01-29
IIFL,2005-05-17
IIFLCAPS,2019-09-20
IITL,2010-08-17
IKIO,2023-06-16
IKS,2024-12-19
IL&FSENGG,2007-10-25
IL&FSTRANS,2010-03-30
IMAGICAA,2015-04-06
IMFA,2010-07-23
IMPAL,2005-10-07
IMPEXFERRO,2005-02-03
INA,2026-03-09
INCREDIBLE,2016-07-01
INDBANK,2008-10-08
INDGN,2024-05-13
INDHOTEL,1996-07-03
INDIACEM,2000-05-31
INDIAGLYCO,2005-07-01
INDIAMART,2019-07-04
INDIANB,2007-03-01
INDIANCARD,1997-01-08
INDIANHUME,1995-08-30
INDIASHLTR,2023-12-20
INDIGO,2015-11-10
INDIGOPNTS,2021-02-02
INDIQUBE,2025-07-30
INDNIPPON,1997-05-07
INDOAMIN,2022-04-29
INDOBORAX,2022-03-29
INDOCO,2005-01-14
INDOFARM,2025-01-07
INDOKEM,2026-08-17
INDOMIM,2026-07-30
INDORAMA,2003-06-20
INDOSTAR,2018-05-21
INDOTECH,2006-03-16
INDOTHAI,2011-11-02
INDOUS,2024-09-27
INDOWIND,2007-09-14
INDPRUD,2026-04-20
INDRAMEDCO,1997-04-17
INDSWFTLAB,1997-07-02
INDTERRAIN,2011-03-11
INDUSINDBK,1998-01-28
INDUSTOWER,2012-12-28
INFOBEAN,2019-07-15
INFOMEDIA,2006-10-12
INFY,1995-02-08
INGERRAND,1999-04-15
INNOVACAP,2023-12-29
INNOVANA,2024-12-17
INNOVISION,2026-03-23
INOXGREEN,2022-11-23
INOXINDIA,2023-12-21
INOXWIND,2015-04-09
INSECTICID,2007-05-30
INSPIRISYS,2006-10-30
INTELLECT,2014-12-18
INTENTECH,2017-03-23
INTERARCH,2024-08-26
INTLCONV,2021-09-16
INVENTURE,2011-08-04
INVPRECQ,2026-04-20
IOB,2000-12-07
IOC,1996-07-24
IOLCP,2010-11-08
IONEXCHANG,2022-02-22
IPCALAB,1995-02-08
IPL,2021-07-05
IPRINGLTD,2026-08-17
IRB,2008-02-25
IRCON,2018-09-28
IRCTC,2019-10-14
IREDA,2023-11-29
IRFC,2021-01-29
IRIS,2021-11-08
IRISDOREME,2021-02-22
IRMENERGY,2023-10-26
ISFT,2010-04-12
ISGEC,2021-05-05
ISHANCH,2025-03-24
ISTLTD,2026-08-17
ITC,1995-08-23
ITCHOTELS,2025-01-29
ITDC,2016-12-30
ITI,2003-09-15
ITL,2026-08-17
IVALUE,2025-09-25
IVC,1999-09-15
IVP,1995-09-13
IWP,2026-04-20
IXIGO,2024-06-18
IZMO,2007-02-05
J&KBANK,1998-07-22
JAGRAN,2006-02-22
JAGSNPHARM,2000-03-01
JAIBALAJI,2003-12-09
JAICORPLTD,1997-11-26
JAINREC,2025-10-01
JAIPURKURT,2021-09-02
JAMNAAUTO,2010-12-10
JARO,2025-09-30
JASH,2019-10-30
JAYAGROGN,1996-04-17
JAYBARMARU,1996-01-03
JAYKAY,2025-12-03
JAYKAY-RE1,2026-09-07
JAYNECOIND,1995-05-10
JAYSREETEA,1995-02-15
JBMA,2004-12-17
JENBURPH,2026-08-17
JETFREIGHT,2021-12-21
JGCHEM,2024-03-13
JHS,2006-10-21
JINDALPHOT,2005-04-07
JINDALPOLY,2002-01-21
JINDALSAW,2003-04-29
JINDALSTEL,1999-12-29
JINDRILL,2006-12-22
JINDWORLD,2010-11-25
JIOFIN,2023-08-21
JISLDVREQS,2011-11-30
JISLJALEQS,2001-08-13
JITFINFRA,2017-02-27
JKCEMENT,2006-03-14
JKIL,2008-02-12
JKIPL,2025-10-03
JKLAKSHMI,2006-06-19
JKPAPER,2005-06-16
JKTYRE,2007-03-19
JLHL,2023-09-18
JMA,2015-03-16
JMFINANCIL,2006-10-10
JNKINDIA,2024-04-30
JNPR,2026-08-06
JOCIL,2008-10-08
JPOLYINVST,2013-11-11
JPPOWER,2005-04-18
JSFB,2024-02-14
JSL,2003-11-17
JSLL,2025-08-11
JSWCEMENT,2025-08-14
JSWDULUX,2001-06-28
JSWENERGY,2010-01-04
JSWHL,2005-06-21
JSWINFRA,2023-10-03
JSWSTEEL,2005-03-23
JTEKTINDIA,2004-01-12
JTLIND,2023-06-12
JUBLCPL,2025-02-14
JUBLFOOD,2010-02-08
JUBLINGREA,2021-03-19
JUBLPHARMA,2003-06-16
JUNIPER,2024-02-28
JUSTDIAL,2013-06-05
JWL,2010-10-18
JYOTHYLAB,2007-12-19
JYOTICNC,2024-01-16
JYOTIRES,2026-08-17
JYOTISTRUC,1995-07-19
KABRAEXTRU,1995-09-06
KAJARIACER,2004-06-01
KAKATCEM,1995-12-13
KALAMANDIR,2023-09-27
KALPATARU,2025-07-01
KALYANI,2017-02-13
KALYANIFRG,2007-12-20
KALYANKJIL,2021-03-26
KAMAHOLD,2026-04-20
KAMANWALA,2026-08-17
KAMATHOTEL,1996-05-29
KAMDHENU,2006-05-09
KAMOPAINTS,2023-01-24
KANANIIND,2011-12-14
KANCHI,2026-04-20
KANCOTEA,2026-08-17
KANORICHEM,1995-02-08
KANPRPLA,2021-01-01
KANSAINER,2003-09-15
KAPSTON,2020-05-27
KARMAENG,2011-06-28
KARURVYSYA,2000-07-26
KAUSHALYA,2007-12-14
KAVDEFENCE,2008-01-29
KAYA,2015-08-14
KAYNES,2022-11-22
KCP,1997-04-09
KCPSUGIND,1997-06-11
KDDL,2016-03-23
KDGREEN,2026-08-17
KEC,2006-03-10
KECL,2010-03-09
KEEPLEARN,1995-03-01
KEI,2006-03-23
KELLTONTEC,2016-03-02
KENNAMET,2026-04-20
KERNEX,2005-12-20
KESORAMIND,1995-09-06
KEYFINSERV,1996-06-26
KFINTECH,2022-12-29
KHADIM,2017-11-14
KHAICHEM,2020-10-30
KHAITANLTD,1995-12-20
KHANDSE,2001-02-07
KICL,2011-01-14
KILITCH,2010-09-29
KIMS,2021-06-28
KINGFA,2016-11-15
KIOCL,2016-11-29
KIRANVYPAR,2026-04-20
KIRIINDUS,2008-04-22
KIRLFER,2026-04-20
KIRLOSBROS,2010-04-20
KIRLOSENG,2010-12-24
KIRLOSIND,2010-06-24
KIRLPNU,2023-04-26
KISSHT,2026-05-08
KITEX,2012-09-25
KJMCFIN,2026-08-17
KKCL,2006-04-13
KLBRENG-B,2026-04-20
KMCSHIL,2026-08-17
KMEW,2024-11-14
KMSUGAR,2007-05-31
KNACK,2026-07-08
KNAGRI,2025-12-09
KNRCON,2008-02-18
KOHINOOR,1999-10-20
KOKUYOCMLN,2008-07-28
KOLTEPATIL,2007-12-13
KOPRAN,1999-06-09
KOTAKBANK,1995-12-20
KOTARISUG,2004-12-13
KOTHARIPET,1996-11-02
KOTHARIPRO,1998-06-03
KOTIC,2026-04-20
KOTYARK,2026-03-12
KOVAI,2026-04-20
KPEL,2024-11-14
KPIGREEN,2021-07-27
KPIL,2000-12-15
KPITTECH,2019-04-22
KPL,2026-04-20
KPRMILL,2007-08-28
KRBL,2002-01-21
KREBSBIO,1996-01-03
KRIDHANINF,2015-12-11
KRISHANA,2019-08-22
KRISHIVAL,2025-06-20
KRISHNADEF,2025-12-30
KRITI,2021-11-01
KRITIKA,2022-05-04
KRITINUT,2022-10-07
KRN,2024-10-03
KRONOX,2024-06-10
KROSS,2024-09-16
KRSNAA,2021-08-16
KRYSTAL,2024-03-21
KSB,1995-02-08
KSCL,2007-10-04
KSE,2026-08-17
KSHINTL,2025-12-23
KSHITIJPOL,2022-07-27
KSL,2010-05-19
KSOLVES,2022-09-23
KSR,2025-11-27
KTKBANK,2000-05-10
KUANTUM,2019-10-23
KUSUMGAR,2026-07-15
KWIL,2026-02-16
LADDERUP,2026-08-17
LAGNAM,2021-09-30
LAHOTIOV,2026-04-20
LAKPRE,2006-09-26
LAKSHMIMIL,2026-08-17
LAL,2023-04-10
LALITHAA,2026-08-24
LALPATHLAB,2015-12-23
LAMBODHARA,2015-02-04
LANCER,2026-08-17
LANCORHOL,2024-03-12
LANDMARK,2022-12-23
LANDSMILL,2009-08-03
LAOPALA,2007-03-16
LASA,2017-09-21
LASERPOWER,2026-07-16
LATENTVIEW,2021-11-23
LATTEYS,2023-05-23
LAURUSLABS,2016-12-19
LAXMICOT,2021-11-12
LAXMIDENTL,2025-01-20
LAXMIINDIA,2025-08-05
LCCINFOTEC,2000-03-02
LCL,2026-07-30
LEAPIND,2026-08-14
LEENEE,2026-08-17
LEMERITE,2025-12-12
LEMONTREE,2018-04-09
LENSKART,2025-11-10
LEXUS,2023-03-13
LFIC,2015-04-15
LGBBROSLTD,2010-03-30
LGEINDIA,2025-10-14
LGHL,2023-11-10
LIBAS,2019-07-23
LIBERTSHOE,1995-09-27
LICHSGFIN,1998-07-29
LICI,2022-05-17
LIKHITHA,2020-10-15
LINC,2015-03-09
LINCOLN,2015-12-17
LINDEINDIA,1999-06-16
LKPSEC,2026-08-17
LLOYDSENGG,2016-07-18
LLOYDSENT,2024-10-17
LLOYDSME,2023-07-17
LMW,1995-03-29
LODHA,2021-04-19
LOKESHMACH,2006-05-05
LORDSCHLO,2023-08-28
LOTUSCHO,2026-08-17
LOTUSDEV,2025-08-06
LOTUSEYE,2008-07-11
LOVABLE,2011-03-24
LOYALTEX,2022-08-11
LPDC,2008-08-12
LT,2004-06-23
LTF,2011-08-12
LTFOODS,2006-12-18
LTM,2016-07-21
LTTS,2016-09-23
LUMAXIND,1995-09-06
LUMAXTECH,2007-01-16
LUMINO,2026-09-03
LUPIN,2001-09-10
LUXIND,2015-11-30
LXCHEM,2021-03-25
LYKALABS,1995-02-08
M&M,1996-01-03
M&MFIN,2006-03-17
MAANALU,2007-10-22
MACPOWER,2020-08-19
MADHAV,2007-12-20
MADHAVIPL,2026-04-20
MADHUCON,2006-10-05
MADRASFERT,1997-07-25
MAFATIND,2026-04-20
MAGADSUGAR,2017-07-28
MAGNUM,2007-09-20
MAHABANK,2004-04-12
MAHAPEXLTD,1998-01-21
MAHASTEEL,2016-07-01
MAHEPC,2020-02-14
MAHESHWARI,2019-04-15
MAHLIFE,2000-05-10
MAHLOG,2017-11-10
MAHSCOOTER,1995-02-08
MAHSEAMLES,2004-08-25
MAITHANALL,2011-07-05
MAJESAUT,2026-04-20
MAKERSL,2026-08-17
MALLCOM,2022-02-02
MALUPAPER,2006-04-05
MAMATA,2024-12-27
MANAKALUCO,2015-03-30
MANAKCOAT,2015-03-30
MANAKSIA,2008-01-08
MANAKSTEEL,2015-03-30
MANALIPETC,2006-12-06
MANAPPURAM,2014-12-01
MANBA,2024-09-30
MANCREDIT,2024-08-16
MANGALAM,2005-05-23
MANGLMCEM,1996-01-03
MANINDS,2005-06-24
MANINFRA,2010-03-11
MANIPALHOS,2026-08-05
MANKIND,2023-05-09
MANOMAY,2023-01-18
MANORAMA,2022-07-01
MANORG,2021-11-02
MANUGRAPH,2006-09-14
MANYAVAR,2022-02-16
MAPMYINDIA,2021-12-21
MARALOVER,1995-02-08
MARATHON,2016-09-29
MARICO,1996-05-01
MARINE,2020-12-02
MARKOLINES,2025-10-14
MARKSANS,2002-01-21
MARSONS,2026-03-13
MARUTI,2003-07-09
MASFIN,2017-10-18
MASKINVEST,2016-10-14
MASTEK,1995-05-10
MASTERTR,2024-11-12
MATRIMONY,2017-09-21
MAWANASUG,2009-03-20
MAXESTATES,2023-10-30
MAXHEALTH,2020-08-21
MAXIND,2020-08-28
MAYURUNIQ,2012-09-25
MAZDA,2016-11-01
MAZDOCK,2020-10-12
MBAPL,2019-08-22
MBECL,2006-10-06
MBEL,2025-08-06
MBLINFRA,2010-01-11
MCCHRLS-B,2026-04-20
MCL,2020-08-19
MCLEODRUSS,2005-07-29
MCLOUD,2025-02-07
MCX,2012-03-09
MEDANTA,2022-11-16
MEDIASSIST,2024-01-23
MEDICAMEQ,2021-10-27
MEDICAPQ,2026-08-17
MEDICO,2022-05-26
MEDPLUS,2021-12-23
MEESHO,2025-12-10
MEGASTAR,2022-02-16
MEIL,2025-08-28
MENNPIS,2026-04-20
MENONBE,2015-03-09
MEP,2015-05-06
MERCANTILE,2026-04-20
MERCURYEV,2026-06-02
METROBRAND,2021-12-22
METROGLOBL,2026-04-20
METROPOLIS,2019-04-15
MFML,2024-08-27
MFSL,2000-05-17
MGEL,2020-12-23
MGL,2016-07-01
MHLXMIRU,2022-01-27
MHRIL,2009-07-16
MICEL,2021-12-17
MIDHANI,2018-04-04
MIDWESTLTD,2025-10-24
MIIL,2026-08-17
MILKYMIST,2026-08-18
MINALIND,2026-08-17
MINDACORP,2014-10-16
MINDTECK,2016-08-02
MIRZAINT,1999-04-28
MITCON,2022-03-17
MITTAL,2020-04-29
MKEXIM,2026-08-17
MKPL,2023-06-13
MLKFOOD,2026-08-17
MMFL,2006-12-20
MMP,2020-01-09
MMTC,2012-04-09
MMWL,2026-04-20
MOBIKWIK,2024-12-18
MODINATUR,2025-12-11
MODIRUBBER,1996-02-07
MODIS,2025-11-14
MODISONLTD,2021-05-03
MODTHREAD,1995-11-22
MOHITE,2026-08-17
MOHITIND,2013-03-14
MOIL,2010-12-15
MOKSH,2021-05-21
MOL,2021-08-18
MOLBIO,2026-08-17
MOLDTECH,2016-07-07
MOLDTKPAC,2015-02-23
MONARCH,2022-01-06
MONEYBOXX,2025-10-15
MONTECARLO,2014-12-19
MORARJEE,2012-09-14
MOREPENLAB,1999-11-24
MOSCHIP,2025-02-05
MOTHERSON,1996-08-14
MOTILALOFS,2007-09-11
MOTISONS,2023-12-26
MOTOGENFIN,1995-02-08
MPDL,2026-08-17
MPHASIS,2004-06-04
MPSLTD,2002-01-21
MRF,1996-09-18
MRPL,2005-01-07
MSL,2026-08-17
MSPL,2005-07-18
MSTCLTD,2019-03-29
MSUMI,2022-03-28
MTARTECH,2021-03-15
MTEDUCARE,2012-04-12
MTNL,1999-02-17
MUFIN,2023-11-06
MUFTI,2023-12-27
MUKANDLTD,2004-02-23
MUKESHB,2026-08-17
MUKKA,2024-03-07
MUKTAARTS,2000-09-12
MUNJALAU,2006-07-19
MUNJALSHOW,2003-05-12
MURUDCERA,2004-05-28
MUTHOOTCAP,2015-08-24
MUTHOOTFIN,2011-05-06
MUTHOOTMF,2023-12-26
MVELECTRO,2026-08-06
MVGJL,2023-10-03
MWL,2025-09-18
MYSORPETRO,2026-08-17
NACLIND,2017-04-07
NAGAFERT,2016-06-15
NAGREEKCAP,2007-09-18
NAGREEKEXP,2007-06-18
NAHARCAP,2008-03-11
NAHARINDUS,2005-12-15
NAHARPOLY,2007-03-23
NAHARSPING,2007-03-23
NAM-INDIA,2017-11-06
NARMADA,2022-10-27
NATCAPSUQ,2025-02-14
NATCOPHARM,1995-12-27
NATHBIOGEN,2014-01-28
NATIONALUM,1999-04-28
NATIONSTD,2026-04-20
NAUKRI,2006-11-21
NAVA,1996-04-03
NAVINFLUOR,2007-06-01
NAVKARCORP,2015-09-09
NAVKARURB,2025-01-17
NAVNETEDUL,1995-02-08
NAZARA,2021-03-30
NBCC,2012-04-12
NBIFIN,2016-11-23
NCC,2003-10-14
NCLIND,2007-04-03
NDGL,2016-08-29
NDL,2012-03-23
NDLVENTURE,2007-04-24
NDRAUTO,2020-07-30
NDTV,2004-05-19
NEAGI,2026-04-20
NECCLTD,2016-03-02
NECLIFE,2005-07-18
NELCAST,2007-06-27
NELCO,2003-05-28
NEOGEN,2019-05-08
NEPHROPLUS,2025-12-17
NESCO,2008-04-08
NESTLEIND,2023-08-01
NETWEB,2023-07-27
NETWORK18,2007-02-02
NEUEON,2013-09-11
NEULANDLAB,2008-10-13
NEWGEN,2018-01-29
NEXTMEDIA,2001-04-04
NFL,2006-12-28
NGIL,2021-08-20
NGLFINE,2022-07-08
NH,2016-01-06
NHPC,2009-09-01
NIACL,2017-11-13
NIBE,2025-02-07
NIBL,2013-04-09
NICCOPAR,2026-08-17
NIITLTD,2004-08-16
NIITMTS,2023-08-08
NILAINFRA,2015-05-21
NILASPACES,2018-12-28
NILE,2026-04-20
NILKAMAL,1995-11-01
NIMBSPROJ,2026-04-06
NINSYS,2023-02-21
NIPPOBATRY,1999-10-06
NIRAJ,2020-10-01
NIRAJISPAT,2016-10-27
NIRLON,2026-04-20
NITCO,2006-03-21
NITINSPIN,2006-02-02
NITIRAJ,2021-04-22
NITTAGELA,2026-04-20
NIVABUPA,2024-11-14
NKIND,1995-07-07
NLCINDIA,2000-08-23
NMDC,2008-03-03
NOCIL,1996-01-17
NOIDATOLL,2002-12-06
NORBTEAEXP,1996-06-26
NORTHARC,2024-09-24
NOVAAGRI,2024-01-31
NOVARTIND,2026-04-20
NPST,2025-04-30
NRAIL,2017-04-05
NRBBEARING,2000-03-08
NRL,2023-01-12
NSIL,2003-11-17
NSLNISP,2023-02-20
NTCIND,2026-08-17
NTPC,2004-11-05
NTPCGREEN,2024-11-27
NUCLEUS,2002-12-19
NURECA,2021-02-25
NUVAMA,2023-09-26
NUVOCO,2021-08-23
NYKAA,2021-11-10
OAL,2019-07-11
OBCL,2022-04-07
OBEROIRLTY,2010-10-20
OCCLLTD,2024-10-29
ODIGMA,2024-12-12
ODYCORP,2026-08-17
OFSS,2002-06-28
OIL,2009-09-30
OILCOUNTUB,1995-08-30
OLAELEC,2024-08-09
OLECTRA,2002-03-20
OMAXAUTO,2003-02-20
OMAXE,2007-08-09
OMFREIGHT,2025-10-08
OMINFRAL,2011-06-17
OMNI,2026-03-05
OMPOWER,2026-04-17
ONEGLOBAL,2026-08-17
ONELIFECAP,2011-10-17
ONEPOINT,2019-05-09
ONESOURCE,2025-01-24
ONGC,1995-07-19
ONIDA,2004-05-24
ONIXSOLAR,2026-08-17
ONMOBILE,2008-02-19
ONWARDTEC,2001-03-07
OPTIEMUS,2017-08-08
OPTIFIN,2026-08-17
ORBTEXP,2013-11-05
ORCHASP,2025-02-07
ORCHPHARMA,2020-11-02
ORICONENT,2015-07-24
ORIENTALTL,2007-03-07
ORIENTBELL,2007-02-14
ORIENTCEM,2013-07-12
ORIENTCER,2005-12-15
ORIENTELEC,2018-05-14
ORIENTHOT,1998-08-27
ORIENTLTD,2010-03-03
ORIENTPPR,1995-03-29
ORIENTTECH,2024-08-28
ORIRAIL,2026-08-17
ORISSAMINE,2010-09-29
ORKLAINDIA,2025-11-06
ORTEL,2015-03-19
ORTINGLOBE,2021-03-30
OSIAHYPER,2022-12-01
OSWALAGRO,1995-03-29
OSWALGREEN,1996-08-28
OSWALPUMPS,2025-06-20
OSWALSEEDS,2023-02-28
PACEDIGITK,2025-10-06
PACIFICI,2026-08-17
PAGEIND,2007-03-16
PAISALO,2011-10-17
PAKKA,2023-07-11
PALASHSECU,2017-07-28
PALREDTEC,2016-05-09
PANACEABIO,1996-04-17
PANACHE,2020-01-06
PANAMAPET,2011-09-30
PANCHMAHQ,2026-08-17
PANORAMA,2026-08-17
PANSARI,2021-10-18
PAR,2021-09-16
PARACABLES,2007-01-03
PARADEEP,2022-05-27
PARAGMILK,2016-05-19
PARAS,2021-10-01
PARASPETRO,1996-02-14
PARKHOSPS,2025-12-17
PARKHOTELS,2024-02-12
PARNAXLAB,2026-08-17
PARSVNATH,2006-11-30
PASHUPATI,2025-07-17
PASUPTAC,2021-10-12
PATANJALI,2020-01-24
PATELENG,2005-02-24
PATELRMART,2025-08-26
PATINTLOG,2008-01-11
PAUSHAKLTD,2025-12-01
PAVNAIND,2023-06-01
PAYTM,2021-11-18
PBMPOLY,2026-08-17
PCBL,1995-03-29
PCJEWELLER,2012-12-27
PDMJEPAPER,2016-03-30
PDSL,2014-10-21
PEARLPOLY,1995-10-11
PENIND,2010-11-25
PENINLAND,1995-02-08
PERMAGN,2026-08-17
PERNIASPOP,2026-09-07
PERSISTENT,2010-04-06
PETRONET,2004-03-26
PFC,2007-02-23
PFIZER,1999-04-28
PFOCUS,2006-06-20
PFS,2011-03-30
PGEL,2011-09-26
PGHH,2004-07-07
PGHL,1996-04-24
PGIL,2007-02-15
PHOENIXLTD,2007-04-23
PHOENXINTL,2026-08-17
PICCADIL,2025-07-02
PIDILITIND,1995-03-29
PIGL,2023-05-17
PIIND,2011-06-15
PILANIINVS,2015-12-08
PILITA,2013-10-07
PINELABS,2025-11-14
PIONEEREMB,2006-05-16
PIONRINV,2026-04-20
PIRAMALFIN,2025-11-07
PITTIENG,2007-02-02
PIXTRANS,2022-04-28
PKTEA,2015-08-19
PLASTIBLEN,2006-12-28
PLATIND,2024-03-05
PLAZACABLE,2023-10-12
PML,2026-04-20
PNB,2002-04-24
PNBGILTS,2000-09-18
PNBHOUSING,2016-11-07
PNC,2000-12-11
PNCINFRA,2015-05-26
PNGJL,2024-09-17
PNGSREVA,2026-03-04
POCL,2023-03-06
PODDARMENT,2016-11-22
POEL,2026-08-17
POKARNA,2016-07-07
POLICYBZR,2021-11-15
POLYCAB,2019-04-16
POLYMED,2011-12-07
POLYPLEX,2003-04-11
POLYSPIN,2026-08-17
PONNIERODE,2002-04-16
POONAWALLA,2004-04-27
POWERGRID,2007-10-05
POWERICA,2026-04-02
POWERINDIA,2020-03-30
POWERMECH,2015-08-26
PPAP,2008-01-11
PPL,2019-06-14
PPLPHARMA,2022-10-19
PRABHA,2025-03-19
PRADPME,2026-04-20
PRAENG,2007-01-02
PRAJIND,1995-10-11
PRAKASH,1995-05-10
PRAKASHSTL,2010-08-25
PRAVEG,2026-04-20
PRAXIS,2018-01-31
PRECAM,2016-02-08
PRECOT,2005-08-19
PRECWIRE,1995-09-06
PREMCO,2026-04-20
PREMEXPLN,2016-06-17
PREMIER,1996-04-03
PREMIERENE,2024-09-03
PREMIERPOL,1995-12-13
PRESTIGE,2010-10-27
PRICOLLTD,2017-02-10
PRIMESECU,2005-06-17
PRIMO,2025-04-22
PRINCEPIPE,2019-12-30
PRIORITY,2026-09-04
PRISMX,2026-08-17
PRITI,2022-03-02
PRITIKAUTO,2021-08-10
PRIVISCL,2015-05-08
PROSTARM,2025-06-03
PROTEAN,2025-02-06
PROZONER,2012-09-12
PRSMJOHNSN,2003-08-20
PRUDENT,2022-05-20
PRUDMOULI,1995-05-10
PSB,2010-12-30
PSPPROJECT,2017-05-29
PTC,2004-04-07
PTCIL,2023-06-09
PTL,2007-01-29
PUNJABCHEM,2007-03-08
PURVA,2007-08-30
PVP,1996-04-03
PVRINOX,2006-01-04
PVSL,2024-03-19
PWL,2025-11-18
PYRAMID,2023-08-29
QMSMEDI,2026-06-18
QPOWER,2025-02-24
QUADFUTURE,2025-01-14
QUESS,2016-07-12
QUICKHEAL,2016-02-18
QUINT,2026-04-20
QUINTEGRA,2000-12-20
RACE,2023-05-09
RACLGEAR,2024-11-27
RADAAN,2003-02-27
RADHIKAJWE,2022-07-18
RADIANTCMS,2023-01-04
RADICO,2003-06-18
RADIOCITY,2017-03-17
RAILTEL,2021-02-26
RAIN,2008-03-03
RAINBOW,2022-05-10
RAJESHEXPO,2000-02-09
RAJMET,2021-02-16
RAJOOENG,2025-05-29
RAJPALAYAM,2026-04-20
RAJRATAN,2020-05-22
RAJRILTD,2022-03-16
RAJSREESUG,1995-03-29
RAJTV,2007-03-16
RAJVIR,2005-09-20
RALLIS,1999-04-01
RAMANEWS,2006-09-20
RAMAPHO,2022-08-05
RAMASTEEL,2015-08-19
RAMBHAJO,2026-07-01
RAMCOCEM,1997-04-09
RAMCOIND,1996-11-06
RAMCOSYS,2000-04-12
RAMKY,2010-10-08
RAMRAT,2022-07-29
RANASUG,2005-02-24
RANEHOLDIN,1997-09-24
RATEGAIN,2021-12-17
RATNAMANI,2006-05-09
RATNAVEER,2023-09-11
RAYMOND,1995-10-18
RAYMONDLSL,2024-09-05
RAYMONDREL,2025-07-01
RBA,2020-12-14
RBLBANK,2016-08-31
RBZJEWEL,2023-12-27
RCF,1998-01-07
RCOM,2006-03-06
RECLTD,2008-03-12
REDINGTON,2007-02-15
REDTAPE,2023-08-11
REFEX,2009-12-03
REGAAL,2025-08-20
REGENCERAM,1996-06-05
RELAXO,2011-06-17
RELCHEMQ,2022-05-25
RELIABLE,2024-07-10
RELIANCE,1995-11-29
RELIGARE,2007-11-21
RELINFRA,1995-02-08
RELTD,2024-07-30
REMSONSIND,1996-01-31
RENUKA,2005-10-31
REPCOHOME,2013-04-01
REPL,2020-12-14
REPRO,2005-12-22
RESPONIND,2010-10-29
RETAIL,2024-06-26
RGL,2007-12-12
RHETAN,2025-09-26
RHFL,2017-09-22
RHIM,2012-03-12
RHL,2023-04-25
RICOAUTO,2003-05-12
RIIL,1995-11-29
RIR,2026-07-16
RISHABH,2023-09-11
RITCO,2022-04-12
RITES,2018-07-02
RKDL,2010-12-27
RKEC,2020-12-18
RKFORGE,2004-05-05
RKSWAMY,2024-03-12
RMC,2026-04-01
RMDRIP,2025-07-30
RML,2005-08-30
RNBDENIMS,2025-09-04
ROHLTD,2006-02-06
ROLEXRINGS,2021-08-09
ROLLT,2016-11-22
ROML,2020-10-06
ROSSARI,2020-07-23
ROSSELLIND,2012-09-25
ROSSTECH,2024-12-09
ROTO,2022-04-21
ROUTE,2020-09-21
RPEL,2024-08-08
RPGLIFE,2008-06-10
RPOWER,2008-02-11
RPPINFRA,2010-12-06
RPPL,2021-11-26
RPSGVENT,2019-01-25
RPTECH,2024-02-14
RRECL,2026-08-17
RRIL,2026-04-20
RRKABEL,2023-09-20
RSDFIN,2026-04-20
RSL,2026-03-19
RSSOFTWARE,1999-05-19
RSWM,1995-02-15
RSYSTEMS,2006-04-26
RTNINDIA,2012-07-30
RTNPOWER,2009-10-30
RTSPOWR,2026-08-17
RUBFILA,2024-08-08
RUBICON,2025-10-16
RUBYMILLS,1995-03-29
RUCHINFRA,1996-10-16
RUCHIRA,2006-12-20
RUDRA,2025-12-19
RUPA,2011-12-07
RUSHIL,2011-07-07
RUSTOMJEE,2022-11-24
RVHL,2020-12-18
RVNL,2019-04-11
RVTH,2024-09-11
S&SPOWER,1995-09-27
SAATVIKGL,2025-09-26
SAB,2026-08-17
SADBHAV,2006-03-01
SADBHIN,2015-09-16
SADHNANIQ,2023-05-05
SAFARI,2019-09-12
SAGARDEEP,2019-01-25
SAGCEM,2007-01-29
SAGILITY,2024-11-12
SAHLIBHFI,2026-04-10
SAHYADRI,2023-04-06
SAICAPI,2026-08-17
SAIL,1995-07-06
SAILIFE,2024-12-18
SAIPARENT,2026-04-02
SAKAR,2019-04-11
SAKHTISUG,1995-09-06
SAKSOFT,2005-05-09
SAKUMA,2006-03-08
SALASAR,2017-07-25
SALONA,2016-06-16
SALSTEEL,2004-11-24
SALZERELEC,2015-12-02
SAMBANDAM,2026-08-17
SAMBHAAV,1996-06-05
SAMBHV,2025-07-02
SAMHI,2023-09-22
SAMMAANCAP,2013-07-23
SAMPANN,2012-07-27
SANATHAN,2024-12-27
SANDESH,2002-11-26
SANDHAR,2018-04-02
SANDUMA,2023-09-07
SANGAMIND,1996-07-17
SANGHVIMOV,2007-01-24
SANGINITA,2019-07-15
SANOFI,2003-05-19
SANOFICONR,2024-09-13
SANSERA,2021-09-24
SANSTAR,2024-07-26
SANWARIA,2006-03-27
SAPPHIRE,2021-11-18
SAPPL,2026-04-20
SARDAEN,2009-12-03
SAREGAMA,1997-07-30
SARLAPOLY,2007-01-19
SARVESHWAR,2022-12-08
SASKEN,2005-09-09
SATIA,2019-07-17
SATIN,2015-08-26
SAURASHCEM,2024-02-27
SAYAJIHOTL,2026-04-20
SAYAJIIND,2026-08-17
SBC,2021-11-23
SBCL,2021-06-24
SBFC,2023-08-16
SBGLP,2023-02-10
SBICARD,2020-03-16
SBIFUNDS,2026-07-21
SBILIFE,2017-10-03
SBIN,1995-03-01
SCANSTL,2026-04-20
SCHAEFFLER,2000-11-29
SCHAND,2017-05-09
SCHNEIDER,2012-03-20
SCI,1997-08-13
SCILAL,2024-03-19
SCODATUBES,2025-06-04
SCPL,2022-11-22
SDBL,2014-03-18
SEAMECLTD,1995-06-28
SECMARK,2023-10-16
SECURKLOUD,2014-01-29
SEDEMAC,2026-03-11
SEIL,2026-04-20
SEJALLTD,2021-12-13
SEKURITIND,2026-08-17
SELMC,2021-10-26
SEMAC,2005-08-11
SENCO,2023-07-14
SENORES,2024-12-30
SEPC,2008-02-20
SERVOTECH,2021-09-02
SESHAPAPER,1995-03-29
SETCO,2016-07-01
SETL,2025-01-13
SETUINFRA,2011-10-04
SEYAIND,2019-07-11
SFL,2016-12-09
SGFIN,2025-08-05
SGIL,2021-07-28
SGL,2006-04-10
SGLRES,2026-08-17
SGMART,2025-09-12
SGRL,2026-08-17
SHADOWFAX,2026-01-28
SHAH,2010-10-27
SHAHALLOYS,2005-06-16
SHAILY,2022-04-04
SHAKTIPUMP,2015-01-29
SHALBY,2017-12-15
SHALPAINTS,2008-03-03
SHANKARA,2017-04-05
SHANKESH,2026-08-25
SHANTI,2021-09-16
SHANTIGEAR,1996-01-17
SHANTIGOLD,2025-08-01
SHARDACROP,2014-09-23
SHARDAMOTR,2015-09-03
SHARDUL,2026-04-20
SHAREINDIA,2020-09-21
SHBAJRG,2026-04-20
SHEKHAWATI,2011-01-12
SHEMAROO,2014-10-01
SHERVANI,2026-08-17
SHILCTECH,2025-11-24
SHILGRAVQ,2026-08-17
SHILPAMED,2009-12-03
SHINDL,2026-04-20
SHIPROCKET,2026-08-19
SHIVAAGRO,2026-08-17
SHIVACEM,2026-08-17
SHIVALIK,2021-12-09
SHIVAMAUTO,2006-11-21
SHIVAMILLS,2018-02-26
SHIVATEX,2017-12-26
SHIVAUM,2025-11-14
SHK,2015-11-16
SHOPERSTOP,2005-05-23
SHRADDHA,2026-08-17
SHRADHA,2020-10-22
SHREDIGCEM,2020-01-28
SHREECEM,1995-04-26
SHREEJISPG,2025-08-26
SHREEPUSHK,2015-09-10
SHREERAMA,2000-03-13
SHRENIK,2019-08-02
SHREYANIND,1996-11-06
SHRIKRISH,2026-04-20
SHRINGARMS,2025-09-17
SHRIPISTON,2016-06-02
SHRIRAMFIN,1996-12-11
SHRIRAMPPS,2021-12-20
SHRJAGP,2026-08-17
SHUKRAPHAR,2026-08-14
SHYAMCENT,2015-07-28
SHYAMMETL,2021-06-24
SHYAMTEL,2006-11-06
SICAGEN,2026-04-20
SICALLOG,2023-10-12
SIEL,2026-08-17
SIEMENS,1995-09-06
SIGACHI,2021-11-15
SIGIND,2018-08-29
SIGMA,2023-06-09
SIGMAADV,2007-07-19
SIGNATURE,2023-09-27
SIGNPOST,2024-02-14
SIKA,2026-04-20
SIKKO,2021-10-22
SIL,2004-01-27
SILGO,2021-03-03
SILINV,1996-05-22
SILLYMONKS,2020-07-08
SILVERTUC,2022-05-12
SIMBHALS,2016-03-14
SIMPLEXINF,2004-03-09
SIMPLXREA,2026-08-17
SINCLAIR,2024-04-10
SINDHUTRAD,2023-06-20
SINGERIND,2026-03-19
SINTERCOM,2020-10-07
SIRCA,2019-07-22
SIS,2017-08-10
SITINET,2007-01-10
SIYSIL,2007-01-29
SJS,2021-11-15
SJVN,2010-05-20
SKFINDIA,1999-01-27
SKFINDUS,2025-12-05
SKIL,1996-10-09
SKIPPER,2015-05-27
SKMEGGPROD,1997-03-14
SKYGOLD,2023-01-06
SKYWAYS,2026-09-01
SMARTLINK,2001-04-11
SMARTWORKS,2025-07-17
SMCGLOBAL,2021-02-24
SMLMAH,2003-08-29
SMLT,2021-11-25
SMSPHARMA,2007-02-28
SNOWMAN,2014-09-12
SOBHA,2006-12-20
SOFTTECH,2022-02-25
SOLARA,2018-06-27
SOLARINDS,2006-04-03
SOLARWORLD,2025-09-30
SOLEX,2025-10-08
SOMANYCERA,1995-11-22
SOMATEX,1996-08-14
SOMICONVEY,2016-07-18
SONACOMS,2021-06-24
SONAL,2026-04-20
SONAMLTD,2022-04-07
SONATSOFTW,1999-07-28
SOTL,1995-06-28
SOUTHBANK,1998-12-08
SOUTHWEST,2019-04-18
SPAL,2016-08-12
SPANDANA,2019-08-19
SPARC,2007-07-18
SPCENET,2017-01-10
SPECIALITY,2012-05-30
SPECTRUM,2025-03-28
SPELS,2026-08-17
SPENCERS,2019-01-25
SPIC,1996-01-10
SPLIL,2005-07-26
SPLPETRO,2022-05-24
SPMLINFRA,1996-02-14
SPORTKING,2022-08-24
SRD,2024-10-09
SREEL,2014-01-01
SRF,2003-08-18
SRGHFL,2023-08-21
SRHHYPOLTD,2007-05-08
SRIKPRIND,2026-08-17
SRM,2024-04-03
SRTL,2026-03-02
SSDL,2024-08-20
SSWL,2005-06-06
STALLION,2025-01-23
STANLEY,2024-06-28
STAR,2000-02-02
STARCEMENT,2017-06-16
STARHEALTH,2021-12-10
STARPAPER,1995-09-13
STARTECK,2022-05-04
STCINDIA,2003-04-01
STEELCAS,2021-11-23
STEELCITY,2019-06-27
STEELXIND,2017-07-20
STEL,2011-02-09
STERTOOLS,2006-02-02
STLNETWORK,2025-09-04
STLSTRINF,2026-08-17
STLTECH,2000-12-08
STOVEKRAFT,2021-02-05
STUDDS,2025-11-07
STYL,2025-09-30
STYLAMIND,2021-08-02
STYLEBAAZA,2024-09-06
STYRENIX,1995-03-29
SUBEXLTD,2020-11-05
SUBROS,2005-07-13
SUDARCOLOR,1995-06-14
SUDARSCHEM,1995-05-25
SUDEEPPHRM,2025-11-28
SUKHJITS,2022-11-07
SULA,2022-12-22
SUMEDHA,2026-08-17
SUMEETINDS,2010-12-10
SUMICHEM,2020-01-27
SUMIT,2019-07-30
SUMMITSEC,2011-01-28
SUNCLAY,2023-12-29
SUNDARAM,2010-06-02
SUNDARMFIN,1998-01-07
SUNDRMBRAK,1996-07-17
SUNDRMFAST,2000-06-07
SUNDROP,2002-12-06
SUNFLAG,2005-09-29
SUNLOC,2026-08-17
SUNPHARMA,1995-02-08
SUNRAKSHAK,2026-08-17
SUNSHIEL,2026-08-17
SUNSHINE,2026-08-25
SUNTECK,2009-11-13
SUNTV,2006-04-24
SUPERHOUSE,2014-09-26
SUPERSPIN,2004-07-08
SUPRAJIT,2005-02-18
SUPREME,2025-02-03
SUPREMEENG,2020-12-04
SUPREMEIND,1995-07-19
SUPREMEINF,2007-10-18
SUPRIYA,2021-12-28
SUPTANERY,2026-08-17
SURAJEST,2023-12-26
SURAJLTD,2024-08-29
SURAKSHA,2024-12-06
SURANASOL,2011-01-07
SURANAT&P,2002-05-22
SURYALA,2026-04-20
SURYALAXMI,2005-06-15
SURYAROSNI,1995-05-10
SURYODAY,2021-03-26
SUTLEJTEX,2006-12-14
SUVEN,2003-10-23
SUVIDHAA,2021-03-31
SUYOG,2024-08-20
SUZLON,2005-10-19
SVGLOBAL,2026-08-17
SVLL,2023-04-21
SVPGLOB,2021-07-14
SWANCORP,2012-05-29
SWANDEF,2025-01-20
SWARAJ,2026-08-13
SWARAJENG,1995-12-06
SWARNSAR,2026-08-17
SWELECTES,2006-05-09
SWIGGY,2024-11-13
SWISSMLTRY,2026-08-17
SWSOLAR,2019-08-20
SYMBIOTEC,2026-09-01
SYMPHONY,2011-06-15
SYNCOMF,2022-11-18
SYNGENE,2015-08-11
SYRMA,2022-08-26
SYSTMTXC,2025-10-06
TAALTECH,2026-04-20
TAINWALCHM,1995-07-27
TAJGVK,2000-12-20
TAKE,2007-08-27
TALBROAUTO,2006-09-29
TAMBOLIIN,2026-04-20
TANAA,2026-08-17
TANLA,2007-01-05
TARACHAND,2024-04-16
TARAPUR,2010-05-18
TARC,2020-12-18
TARIL,2007-12-28
TARMAT,2007-07-09
TARSONS,2021-11-26
TASTYBITE,2017-03-23
TATACAP,2025-10-13
TATACHEM,1999-04-01
TATACOMM,1995-04-12
TATACONSUM,1998-11-18
TATAELXSI,2003-09-17
TATAINVEST,1998-06-24
TATAPOWER,1996-04-03
TATASTEEL,1998-11-18
TATATECH,2023-11-30
TATVA,2021-07-29
TBOTEK,2024-05-15
TBZ,2012-05-09
TCC,2026-02-25
TCI,2002-01-21
TCIEXP,2016-12-15
TCIFINANCE,1997-05-21
TCPLPACK,2017-10-17
TCS,2004-08-25
TDPOWERSYS,2011-09-08
TEAMGTY,2002-06-11
TEAMLEASE,2016-02-12
TECHM,2006-08-28
TECHNOCRAF,2026-08-14
TECHNOE,2018-12-04
TECHNVISN,2026-04-20
TECILCHEM,1995-12-06
TEGA,2021-12-13
TEJASNET,2017-06-27
TEMBO,2021-04-23
TEMPSENS,2026-08-28
TENNIND,2025-11-19
TERAI,2026-08-17
TERASOFT,2016-12-29
TEXINFRA,2004-09-09
TEXMOPIPES,2010-03-10
TEXRAIL,2011-03-03
TFCILTD,2000-07-26
TFL,2007-02-26
TGBHOTELS,2007-05-17
TGVSL,2026-08-17
THACKER,2026-04-20
THAKDEV,2026-04-20
THANGAMAYL,2010-02-19
THEINVEST,2017-08-02
THEJO,2023-10-10
THELEELA,2025-06-02
THEMISMED,2007-04-02
THERMAX,1995-08-30
THOMASCOOK,2000-06-07
THOMASCOTT,2012-01-30
THYROCARE,2016-05-09
TI,2010-07-16
TICL,2023-10-16
TIGERLOGS,2025-09-18
TIIL,2007-02-12
TIINDIA,2017-11-02
TIJARIA,2011-10-14
TIL,1995-09-27
TIMETECHNO,2007-06-13
TIMEX,2026-04-20
TIMKEN,2007-02-06
TINNARUBR,2025-04-17
TIPSFILMS,2022-10-06
TIPSMUSIC,2000-11-10
TIRUMALCHM,2003-05-14
TIRUPATIFL,2020-08-04
TITAGARH,2008-04-21
TITAN,2004-09-24
TMB,2022-09-15
TMCV,2025-11-12
TMPV,1998-07-22
TNPETRO,1999-10-27
TNPL,1996-02-14
TNTELE,2003-02-04
TOKYOPLAST,1995-10-11
TOLINS,2024-09-16
TORNTPHARM,2002-11-25
TORNTPOWER,2006-11-28
TOTAL,2020-08-28
TOUCHWOOD,2020-01-21
TOYAMSL,2026-08-17
TPHQ,2009-01-30
TPLPLASTEH,2015-05-20
TRACXN,2022-10-20
TRANSCOR,2026-08-17
TRANSPEK,2026-04-20
TRANSRAILL,2024-12-27
TRANSWORLD,1995-03-01
TRAVELFOOD,2025-07-14
TREEHOUSE,2011-08-26
TREJHARA,2018-12-28
TREL,2023-08-10
TRENT,2004-06-07
TRF,2010-03-26
TRIDENT,2001-02-21
TRIGYN,1998-04-09
TRITONV,2026-08-17
TRITURBINE,2011-10-28
TRIVENI,2005-12-13
TRU,2023-06-20
TRUALT,2025-10-03
TSFINV,2018-03-26
TTKHLTCARE,2015-12-02
TTKPRESTIG,1999-12-22
TTL,2007-02-22
TTML,2000-10-20
TURTLEMINT,2026-06-29
TUTIALKA,2026-08-17
TVSELECT,2003-12-26
TVSHLTD,2012-10-23
TVSMOTOR,2000-08-02
TVSSCS,2023-08-23
TVSSRICHAK,2007-02-13
TVTODAY,2004-01-16
TVVISION,2016-09-15
UBL,2008-07-28
UCAL,1995-09-13
UCOBANK,2003-10-09
UDAYJEW,2026-08-17
UDS,2023-10-04
UEL,2024-04-16
UFBL,2021-04-07
UFLEX,1995-08-23
UFO,2015-05-14
UGARSUGAR,2010-08-23
UGROCAP,2021-08-11
UJJIVANSFB,2019-12-12
ULTRACEMCO,2004-08-24
ULTRAMAR,2026-04-20
UMAEXPORTS,2022-04-07
UMESLTD,2010-07-12
UMIYA-MRO,2000-11-01
UNICHEMLAB,2001-02-07
UNIDT,2020-09-25
UNIECOM,2024-08-13
UNIENTER,2004-01-23
UNIINFO,2022-01-12
UNIMECH,2024-12-31
UNIONBANK,2002-09-24
UNIPARTS,2022-12-12
UNITDSPR,2001-09-27
UNITECH,1999-09-08
UNITEDPOLY,2021-12-31
UNITEDTEA,2015-01-28
UNIVAFOODS,1996-04-03
UNIVASTU,2020-06-22
UNIVCABLES,1995-05-17
UNIVPHOTO,2020-02-14
UNOMINDA,2007-02-02
UPHOT,2026-08-17
UPL,2004-01-23
URAVIDEF,2023-07-05
URBANCO,2025-09-17
URJA,2017-03-28
USHAMART,2000-10-11
USK,2023-04-03
UTIAMC,2020-10-12
UTKARSHBNK,2023-07-21
UTLSOLAR,2025-11-20
UTTAMSUGAR,2006-04-10
UYFINCORP,2024-10-03
V2RETAIL,2007-07-04
VADILALIND,2011-06-15
VADILENT,2026-08-17
VAIBHAVGBL,2004-04-05
VAISHALI,2020-01-15
VAKRANGEE,2006-04-03
VALIANTLAB,2023-10-06
VALIANTORG,2021-07-23
VAML,2026-06-15
VARDHACRLC,2003-09-30
VARDMNPOLY,2003-05-12
VARROC,2018-07-06
VASCONEQ,2010-02-15
VASUPRADA,2026-08-17
VASWANI,2011-09-20
VBL,2016-11-08
VCL,2022-04-19
VEDAVAAG,2026-08-17
VEDL,1998-05-13
VEDPOWER,2026-06-15
VEEDOL,2007-01-16
VELJAN,2026-04-20
VENKEYS,2003-07-28
VENTIVE,2024-12-30
VENUSPIPES,2022-05-24
VENUSREM,2006-12-20
VERANDA,2022-04-11
VERTOZ,2020-05-14
VESUVIUS,2002-10-04
VETO,2015-04-29
VGCL,2026-08-17
VGL,2006-11-21
VGUARD,2008-03-13
VHL,2005-06-30
VHLTD,2024-04-03
VHLTD-RE1,2026-09-03
VIDHIING,2016-03-02
VIDYAWIRES,2025-12-10
VIJAYA,2021-09-14
VIJIFIN,2016-07-11
VIJSOLX,2026-08-17
VIKASECO,2011-12-12
VIKASLIFE,2019-05-08
VIKRAMSOLR,2025-08-26
VIKRAN,2025-09-03
VIMTALABS,2005-12-15
VINATIORGA,2009-07-28
VINCOFE,2024-10-18
VINDHYATEL,1995-02-08
VINEETLAB,2021-06-15
VINNY,2022-11-28
VINYLINDIA,2008-07-21
VIPCLOTHNG,2007-08-06
VIPIND,2005-03-02
VIPULLTD,2015-04-23
VIRAT,2026-08-17
VIRINCHI,2023-05-03
VIRTUALG,2026-08-17
VISACHROME,2006-03-17
VISAKAIND,1996-08-28
VISHAL,2026-08-17
VISHNU,2015-03-05
VISHWARAJ,2019-10-15
VISL,2026-06-15
VITAL,2026-03-11
VIVIANA,2026-06-02
VIVIDHA,2013-05-21
VIVIMEDLAB,2005-08-17
VIVOBIOT,2026-08-17
VIYASH,2016-03-10
VLEGOV,2023-08-14
VLSFINANCE,1995-05-25
VMART,2013-02-20
VMM,2024-12-18
VMSTMT,2025-09-24
VOEPL,2026-07-01
VOGL,2026-06-15
VOITHPAPR,2026-08-17
VOLTAMP,2006-09-20
VOLTAS,1995-04-12
VPRPL,2023-09-05
VRAJ,2024-07-03
VRLLOG,2015-04-30
VSSL,2012-05-17
VSTIND,2003-09-05
VSTL,2024-02-20
VSTTILLERS,2011-06-20
VTL,2003-01-14
VTMLTD,2026-08-17
WAAREEENER,2024-10-28
WAAREEINDO,2010-09-29
WAAREERTL,2025-04-09
WABAG,2010-10-13
WAKEFIT,2025-12-15
WALCHANNAG,1996-09-18
WANBURY,2007-01-29
WARDINMOBI,2026-08-17
WATERBASE,2026-08-17
WCIL,2024-09-24
WEALTH,2021-01-20
WEBELSOLAR,2007-05-15
WEIZMANIND,1995-05-10
WEL,2022-01-17
WELCORP,2005-05-24
WELENT,2004-11-04
WELINV,2010-09-20
WELSPLSOL,2026-04-20
WELSPUNLIV,2003-12-04
WENDT,2006-08-07
WESTLIFE,2023-06-05
WEWIN,2022-06-15
WEWORK,2025-10-10
WHBRADY,2026-08-17
WHEELS,2000-04-07
WHIRLPOOL,2010-04-06
WILLAMAGOR,1995-02-08
WINDLAS,2021-08-16
WINDMACHIN,2011-08-17
WIPL,2017-04-17
WIPRO,1995-11-08
WOCKPHARMA,2000-02-23
WONDERLA,2014-05-09
WORTHPERI,2020-08-04
WPIL,2026-04-20
WSI,2007-08-01
WSTCSTPAPR,2001-01-17
XCHANGING,2005-03-09
XELPMOC,2019-02-04
XPROINDIA,2004-04-27
XTGLOBAL,2024-09-16
XTRANET,2026-07-30
YASHO,2023-08-21
YATHARTH,2023-08-07
YATRA,2023-09-28
YESBANK,2005-07-12
YOGI,2026-08-17
YUKEN,2021-09-02
ZAGGLE,2023-09-22
ZEEL,1998-09-09
ZEELEARN,2010-12-20
ZEEMEDIA,2007-01-10
ZENITHEXPO,1996-07-10
ZENITHSTL,2007-04-30
ZENSARTECH,2003-07-09
ZENTEC,2015-03-30
ZFCVINDIA,2008-10-01
ZFSTEERING,2026-04-20
ZIMLAB,2022-11-25
ZODIAC,2021-12-14
ZODIACLOTH,1995-09-27
ZOTA,2019-08-19
ZSARACOM,2026-04-20
ZUARI,2012-11-27
ZUARIIND,1995-04-12
ZYDUSLIFE,2000-04-18
ZYDUSWELL,2009-11-13
